,taxon_id,treatment_1,treatment_2,wilcox_p_value
1,ab,apo_control,apo_heat,NA
1830,kw,sym_control,sym_heat,2.42E-02
691,cb,apo_control,sym_heat,4.60E-02
997,bl,apo_heat,sym_control,4.60E-02
1054,dv,apo_heat,sym_control,4.60E-02
1105,gc,apo_heat,sym_control,4.60E-02
1188,kw,apo_heat,sym_control,4.60E-02
1198,lj,apo_heat,sym_control,4.60E-02
1639,bl,sym_control,sym_heat,4.60E-02
1657,cf,sym_control,sym_heat,4.60E-02
1664,cn,sym_control,sym_heat,4.60E-02
1696,dv,sym_control,sym_heat,4.60E-02
1654,cb,sym_control,sym_heat,4.81E-02
1709,el,sym_control,sym_heat,4.81E-02
1749,ge,sym_control,sym_heat,4.81E-02
1806,ji,sym_control,sym_heat,4.81E-02
1843,lm,sym_control,sym_heat,4.81E-02
41,bt,apo_control,apo_heat,4.87E-02
49,cb,apo_control,apo_heat,4.87E-02
59,cn,apo_control,apo_heat,4.87E-02
104,el,apo_control,apo_heat,4.87E-02
122,fh,apo_control,apo_heat,4.87E-02
123,fi,apo_control,apo_heat,4.87E-02
129,fp,apo_control,apo_heat,4.87E-02
201,ji,apo_control,apo_heat,4.87E-02
214,kg,apo_control,apo_heat,4.87E-02
225,kw,apo_control,apo_heat,4.87E-02
244,lz,apo_control,apo_heat,4.87E-02
327,ag,apo_control,sym_control,4.87E-02
341,av,apo_control,sym_control,4.87E-02
355,bl,apo_control,sym_control,4.87E-02
365,bw,apo_control,sym_control,4.87E-02
412,dv,apo_control,sym_control,4.87E-02
415,dy,apo_control,sym_control,4.87E-02
504,ie,apo_control,sym_control,4.87E-02
603,oa,apo_control,sym_control,4.87E-02
644,ac,apo_control,sym_heat,4.87E-02
676,bl,apo_control,sym_heat,4.87E-02
683,bt,apo_control,sym_heat,4.87E-02
701,cn,apo_control,sym_heat,4.87E-02
733,dv,apo_control,sym_heat,4.87E-02
736,dy,apo_control,sym_heat,4.87E-02
746,el,apo_control,sym_heat,4.87E-02
770,fo,apo_control,sym_heat,4.87E-02
787,gf,apo_control,sym_heat,4.87E-02
843,ji,apo_control,sym_heat,4.87E-02
861,ko,apo_control,sym_heat,4.87E-02
867,kw,apo_control,sym_heat,4.87E-02
924,oa,apo_control,sym_heat,4.87E-02
1004,bt,apo_heat,sym_control,4.87E-02
1012,cb,apo_heat,sym_control,4.87E-02
1015,cf,apo_heat,sym_control,4.87E-02
1022,cn,apo_heat,sym_control,4.87E-02
1034,cz,apo_heat,sym_control,4.87E-02
1067,el,apo_heat,sym_control,4.87E-02
1085,fh,apo_heat,sym_control,4.87E-02
1092,fp,apo_heat,sym_control,4.87E-02
1107,ge,apo_heat,sym_control,4.87E-02
1164,ji,apo_heat,sym_control,4.87E-02
1177,kg,apo_heat,sym_control,4.87E-02
1201,lm,apo_heat,sym_control,4.87E-02
1412,fo,apo_heat,sym_heat,4.87E-02
1503,ko,apo_heat,sym_heat,4.87E-02
1612,ah,sym_control,sym_heat,4.87E-02
1629,az,sym_control,sym_heat,4.87E-02
1646,bt,sym_control,sym_heat,4.87E-02
1713,ep,sym_control,sym_heat,4.87E-02
1727,fh,sym_control,sym_heat,4.87E-02
1748,gd,sym_control,sym_heat,4.87E-02
1808,jm,sym_control,sym_heat,4.87E-02
1819,kg,sym_control,sym_heat,4.87E-02
659,as,apo_control,sym_heat,4.97E-02
369,ca,apo_control,sym_control,5.11E-02
825,ie,apo_control,sym_heat,5.32E-02
326,af,apo_control,sym_control,5.34E-02
649,ah,apo_control,sym_heat,5.34E-02
666,az,apo_control,sym_heat,5.34E-02
764,fh,apo_control,sym_heat,5.34E-02
771,fp,apo_control,sym_heat,5.34E-02
856,kg,apo_control,sym_heat,5.34E-02
886,lz,apo_control,sym_heat,5.34E-02
1207,lz,apo_heat,sym_control,5.34E-02
1734,fp,sym_control,sym_heat,5.34E-02
1747,gc,sym_control,sym_heat,5.34E-02
1840,lj,sym_control,sym_heat,5.34E-02
1896,om,sym_control,sym_heat,5.34E-02
142,gc,apo_control,apo_heat,5.36E-02
145,gf,apo_control,apo_heat,5.36E-02
235,lj,apo_control,apo_heat,5.36E-02
294,os,apo_control,apo_heat,5.36E-02
508,il,apo_control,sym_control,5.36E-02
598,nr,apo_control,sym_control,5.36E-02
750,ep,apo_control,sym_heat,5.36E-02
785,gd,apo_control,sym_heat,5.36E-02
845,jm,apo_control,sym_heat,5.36E-02
969,ag,apo_heat,sym_control,5.36E-02
1611,ag,sym_control,sym_heat,5.49E-02
936,os,apo_control,sym_heat,5.66E-02
946,pf,apo_control,sym_heat,6.39E-02
2,ac,apo_control,apo_heat,6.76E-02
17,as,apo_control,apo_heat,6.76E-02
85,dp,apo_control,apo_heat,6.76E-02
139,fz,apo_control,apo_heat,6.76E-02
727,dp,apo_control,sym_heat,6.76E-02
791,gm,apo_control,sym_heat,6.76E-02
884,lu,apo_control,sym_heat,6.76E-02
933,om,apo_control,sym_heat,6.76E-02
966,ad,apo_heat,sym_control,6.76E-02
1102,fz,apo_heat,sym_control,6.76E-02
1899,os,sym_control,sym_heat,6.89E-02
694,cf,apo_control,sym_heat,6.95E-02
265,nd,apo_control,apo_heat,8.08E-02
781,fz,apo_control,sym_heat,8.08E-02
811,hm,apo_control,sym_heat,8.08E-02
862,kp,apo_control,sym_heat,8.08E-02
1074,es,apo_heat,sym_control,8.08E-02
1150,il,apo_heat,sym_control,8.08E-02
1233,nj,apo_heat,sym_control,8.08E-02
1744,fz,sym_control,sym_heat,8.08E-02
382,cp,apo_control,sym_control,8.14E-02
446,fl,apo_control,sym_control,8.14E-02
433,et,apo_control,sym_control,8.19E-02
449,fo,apo_control,sym_control,8.19E-02
540,ko,apo_control,sym_control,8.19E-02
1849,lz,sym_control,sym_heat,8.19E-02
1875,nj,sym_control,sym_heat,8.19E-02
1608,ad,sym_control,sym_heat,8.21E-02
1613,ai,sym_control,sym_heat,8.21E-02
1630,ba,sym_control,sym_heat,8.21E-02
698,ck,apo_control,sym_heat,8.87E-02
91,dv,apo_control,apo_heat,9.67E-02
169,hm,apo_control,apo_heat,9.67E-02
1716,es,sym_control,sym_heat,1.11E-01
968,af,apo_heat,sym_control,1.11E-01
711,cx,apo_control,sym_heat,1.24E-01
776,fu,apo_control,sym_heat,1.24E-01
866,kv,apo_control,sym_heat,1.24E-01
983,av,apo_heat,sym_control,1.24E-01
1007,bw,apo_heat,sym_control,1.24E-01
1024,cp,apo_heat,sym_control,1.24E-01
1088,fl,apo_heat,sym_control,1.24E-01
1011,ca,apo_heat,sym_control,1.27E-01
1075,et,apo_heat,sym_control,1.27E-01
34,bl,apo_control,apo_heat,1.28E-01
94,dy,apo_control,apo_heat,1.28E-01
907,nd,apo_control,sym_heat,1.28E-01
466,gf,apo_control,sym_control,1.36E-01
470,gm,apo_control,sym_control,1.36E-01
563,lu,apo_control,sym_control,1.36E-01
1566,oa,apo_heat,sym_heat,1.36E-01
1882,nr,sym_control,sym_heat,1.56E-01
690,ca,apo_control,sym_heat,1.60E-01
381,co,apo_control,sym_control,1.64E-01
406,dp,apo_control,sym_control,1.64E-01
872,ld,apo_control,sym_heat,1.64E-01
625,pf,apo_control,sym_control,1.64E-01
108,ep,apo_control,apo_heat,1.76E-01
203,jm,apo_control,apo_heat,1.76E-01
714,da,apo_control,sym_heat,1.76E-01
1091,fo,apo_heat,sym_control,1.76E-01
1182,ko,apo_heat,sym_control,1.76E-01
1245,oa,apo_heat,sym_control,1.76E-01
1607,ac,sym_control,sym_heat,1.76E-01
1240,nr,apo_heat,sym_control,1.76E-01
220,kp,apo_control,apo_heat,1.78E-01
392,cz,apo_control,sym_control,1.84E-01
183,ie,apo_control,apo_heat,1.99E-01
442,fg,apo_control,sym_control,2.27E-01
490,hm,apo_control,sym_control,2.27E-01
879,ll,apo_control,sym_heat,2.27E-01
970,ah,apo_heat,sym_control,2.27E-01
987,az,apo_heat,sym_control,2.27E-01
270,nj,apo_control,apo_heat,2.45E-01
1666,cp,sym_control,sym_heat,2.53E-01
1730,fl,sym_control,sym_heat,2.53E-01
230,ld,apo_control,apo_heat,2.54E-01
586,nd,apo_control,sym_control,2.54E-01
1740,fv,sym_control,sym_heat,2.54E-01
1750,gf,sym_control,sym_heat,2.54E-01
1831,kx,sym_control,sym_heat,2.54E-01
1676,cz,sym_control,sym_heat,2.63E-01
47,bz,apo_control,apo_heat,2.63E-01
143,gd,apo_control,apo_heat,2.63E-01
149,gm,apo_control,apo_heat,2.63E-01
242,lu,apo_control,apo_heat,2.63E-01
329,ai,apo_control,sym_control,2.73E-01
346,ba,apo_control,sym_control,2.73E-01
444,fi,apo_control,sym_control,2.73E-01
673,bh,apo_control,sym_heat,2.73E-01
717,de,apo_control,sym_heat,2.73E-01
793,gp,apo_control,sym_heat,2.73E-01
885,lx,apo_control,sym_heat,2.73E-01
912,nj,apo_control,sym_heat,2.73E-01
967,ae,apo_heat,sym_control,2.73E-01
1622,as,sym_control,sym_heat,2.73E-01
1636,bh,sym_control,sym_heat,2.73E-01
1680,de,sym_control,sym_heat,2.73E-01
1756,gp,sym_control,sym_heat,2.73E-01
1848,lx,sym_control,sym_heat,2.73E-01
52,cf,apo_control,apo_heat,2.83E-01
7,ah,apo_control,apo_heat,2.94E-01
24,az,apo_control,apo_heat,2.94E-01
763,fg,apo_control,sym_heat,3.06E-01
1588,pf,apo_heat,sym_heat,3.06E-01
491,hn,apo_control,sym_control,3.06E-01
725,dn,apo_control,sym_heat,3.09E-01
404,dn,apo_control,sym_control,3.13E-01
377,ck,apo_control,sym_control,3.52E-01
463,gc,apo_control,sym_control,3.52E-01
556,lj,apo_control,sym_control,3.52E-01
847,jo,apo_control,sym_heat,3.52E-01
1071,ep,apo_heat,sym_control,3.52E-01
1166,jm,apo_heat,sym_control,3.52E-01
615,os,apo_control,sym_control,3.63E-01
291,om,apo_control,apo_heat,3.75E-01
1623,at,sym_control,sym_heat,3.76E-01
1813,jt,sym_control,sym_heat,3.76E-01
754,et,apo_control,sym_heat,3.77E-01
971,ai,apo_heat,sym_control,3.77E-01
988,ba,apo_heat,sym_control,3.77E-01
1844,ln,sym_control,sym_heat,3.77E-01
593,nm,apo_control,sym_control,3.87E-01
1772,hi,sym_control,sym_heat,3.87E-01
1867,my,sym_control,sym_heat,3.87E-01
330,aj,apo_control,sym_control,3.88E-01
1111,gk,apo_heat,sym_control,4.06E-01
1204,ls,apo_heat,sym_control,4.06E-01
1053,du,apo_heat,sym_control,4.11E-01
1139,hv,apo_heat,sym_control,4.11E-01
1239,nq,apo_heat,sym_control,4.11E-01
718,df,apo_control,sym_heat,4.13E-01
777,fv,apo_control,sym_heat,4.13E-01
795,gr,apo_control,sym_heat,4.13E-01
824,id,apo_control,sym_heat,4.13E-01
868,kx,apo_control,sym_heat,4.13E-01
887,ma,apo_control,sym_heat,4.13E-01
914,nm,apo_control,sym_heat,4.13E-01
986,ay,apo_heat,sym_control,4.13E-01
1057,dy,apo_heat,sym_control,4.13E-01
1276,pt,apo_heat,sym_control,4.13E-01
1691,dq,sym_control,sym_heat,4.13E-01
1753,gk,sym_control,sym_heat,4.13E-01
1776,ho,sym_control,sym_heat,4.13E-01
1846,ls,sym_control,sym_heat,4.13E-01
1872,nf,sym_control,sym_heat,4.13E-01
973,ak,apo_heat,sym_control,4.33E-01
1663,cm,sym_control,sym_heat,4.34E-01
1254,om,apo_heat,sym_control,4.39E-01
1332,ca,apo_heat,sym_heat,4.39E-01
1490,jp,apo_heat,sym_heat,4.39E-01
390,cx,apo_control,sym_control,4.72E-01
455,fu,apo_control,sym_control,4.72E-01
545,kv,apo_control,sym_control,4.72E-01
551,ld,apo_control,sym_control,4.72E-01
812,hn,apo_control,sym_heat,4.72E-01
1070,eo,apo_heat,sym_control,4.72E-01
237,ll,apo_control,apo_heat,4.78E-01
1106,gd,apo_heat,sym_control,4.78E-01
3,ad,apo_control,apo_heat,4.84E-01
9,aj,apo_control,apo_heat,4.84E-01
56,ck,apo_control,apo_heat,4.84E-01
671,bf,apo_control,sym_heat,4.84E-01
715,dc,apo_control,sym_heat,4.84E-01
788,gi,apo_control,sym_heat,4.84E-01
882,lq,apo_control,sym_heat,4.84E-01
1628,ay,sym_control,sym_heat,4.84E-01
1835,ld,sym_control,sym_heat,5.32E-01
194,iu,apo_control,apo_heat,5.37E-01
302,pd,apo_control,apo_heat,5.37E-01
1609,ae,sym_control,sym_heat,5.37E-01
1247,of,apo_heat,sym_control,5.41E-01
121,fg,apo_control,apo_heat,5.79E-01
393,da,apo_control,sym_control,5.79E-01
765,fi,apo_control,sym_heat,5.98E-01
1792,il,sym_control,sym_heat,6.16E-01
1889,of,sym_control,sym_heat,6.21E-01
10,ak,apo_control,apo_heat,6.41E-01
103,ek,apo_control,apo_heat,6.41E-01
113,eu,apo_control,apo_heat,6.41E-01
207,js,apo_control,apo_heat,6.41E-01
465,ge,apo_control,sym_control,6.41E-01
541,kp,apo_control,sym_control,6.41E-01
559,lm,apo_control,sym_control,6.41E-01
702,co,apo_control,sym_heat,6.41E-01
836,iu,apo_control,sym_heat,6.41E-01
944,pd,apo_control,sym_heat,6.41E-01
996,bk,apo_heat,sym_control,6.41E-01
1009,by,apo_heat,sym_control,6.41E-01
1045,dm,apo_heat,sym_control,6.41E-01
1073,er,apo_heat,sym_control,6.41E-01
1129,hh,apo_heat,sym_control,6.41E-01
1224,mw,apo_heat,sym_control,6.41E-01
1396,et,apo_heat,sym_heat,6.41E-01
1633,bd,sym_control,sym_heat,6.45E-01
1354,cy,apo_heat,sym_heat,6.57E-01
1420,fw,apo_heat,sym_heat,6.57E-01
1146,ie,apo_heat,sym_control,6.63E-01
90,du,apo_control,apo_heat,6.65E-01
176,hv,apo_control,apo_heat,6.65E-01
276,nq,apo_control,apo_heat,6.65E-01
1000,bo,apo_heat,sym_control,6.65E-01
1193,ld,apo_heat,sym_control,6.65E-01
33,bk,apo_control,apo_heat,6.90E-01
69,cx,apo_control,apo_heat,6.90E-01
80,dj,apo_control,apo_heat,6.90E-01
82,dm,apo_control,apo_heat,6.90E-01
134,fu,apo_control,apo_heat,6.90E-01
161,gz,apo_control,apo_heat,6.90E-01
166,hh,apo_control,apo_heat,6.90E-01
224,kv,apo_control,apo_heat,6.90E-01
261,mw,apo_control,apo_heat,6.90E-01
373,cf,apo_control,sym_control,6.90E-01
1794,in,sym_control,sym_heat,6.90E-01
1900,ot,sym_control,sym_heat,6.90E-01
205,jo,apo_control,apo_heat,6.90E-01
339,at,apo_control,sym_control,6.90E-01
712,cy,apo_control,sym_heat,6.90E-01
778,fw,apo_control,sym_heat,6.90E-01
982,au,apo_heat,sym_control,6.90E-01
1006,bv,apo_heat,sym_control,6.90E-01
1069,en,apo_heat,sym_control,6.90E-01
1165,jk,apo_heat,sym_control,6.90E-01
1321,bo,apo_heat,sym_heat,6.90E-01
1602,pz,apo_heat,sym_heat,6.90E-01
1724,fd,sym_control,sym_heat,6.90E-01
1818,kc,sym_control,sym_heat,6.90E-01
277,nr,apo_control,apo_heat,7.01E-01
20,av,apo_control,apo_heat,7.12E-01
44,bw,apo_control,apo_heat,7.12E-01
670,bd,apo_control,sym_heat,7.12E-01
850,jt,apo_control,sym_heat,7.12E-01
928,oh,apo_control,sym_heat,7.12E-01
978,ap,apo_heat,sym_control,7.12E-01
1001,bp,apo_heat,sym_control,7.12E-01
1062,ef,apo_heat,sym_control,7.12E-01
1378,dy,apo_heat,sym_heat,7.12E-01
1681,df,sym_control,sym_heat,7.12E-01
1758,gr,sym_control,sym_heat,7.12E-01
1787,id,sym_control,sym_heat,7.12E-01
1850,ma,sym_control,sym_heat,7.12E-01
1852,md,sym_control,sym_heat,7.12E-01
1871,ne,sym_control,sym_heat,7.12E-01
92,dw,apo_control,apo_heat,7.15E-01
180,ia,apo_control,apo_heat,7.15E-01
755,eu,apo_control,sym_heat,7.15E-01
849,js,apo_control,sym_heat,7.15E-01
889,md,apo_control,sym_heat,7.26E-01
1286,ac,apo_heat,sym_heat,7.39E-01
1407,fi,apo_heat,sym_heat,7.39E-01
72,da,apo_control,apo_heat,7.47E-01
653,al,apo_control,sym_heat,7.47E-01
869,ky,apo_control,sym_heat,7.54E-01
981,at,apo_heat,sym_control,7.55E-01
560,ln,apo_control,sym_control,7.55E-01
1616,al,sym_control,sym_heat,7.55E-01
1695,du,sym_control,sym_heat,7.55E-01
1742,fx,sym_control,sym_heat,7.55E-01
1781,hv,sym_control,sym_heat,7.55E-01
1833,kz,sym_control,sym_heat,7.55E-01
1881,nq,sym_control,sym_heat,7.55E-01
324,ad,apo_control,sym_control,7.56E-01
385,cs,apo_control,sym_control,7.56E-01
526,jo,apo_control,sym_control,7.56E-01
5,af,apo_control,apo_heat,7.64E-01
60,co,apo_control,apo_heat,7.64E-01
732,du,apo_control,sym_heat,7.64E-01
782,ga,apo_control,sym_heat,7.64E-01
818,hv,apo_control,sym_heat,7.64E-01
918,nq,apo_control,sym_heat,7.64E-01
1348,cs,apo_heat,sym_heat,7.64E-01
1578,os,apo_heat,sym_heat,7.64E-01
908,ne,apo_control,sym_heat,7.83E-01
1686,dk,sym_control,sym_heat,7.83E-01
1046,dn,apo_heat,sym_control,8.34E-01
1027,cs,apo_heat,sym_control,8.46E-01
1118,gt,apo_heat,sym_control,8.46E-01
1157,iu,apo_heat,sym_control,8.46E-01
1211,me,apo_heat,sym_control,8.46E-01
1265,pd,apo_heat,sym_control,8.46E-01
1725,ff,sym_control,sym_heat,8.46E-01
39,bq,apo_control,apo_heat,8.89E-01
100,eg,apo_control,apo_heat,8.89E-01
197,iz,apo_control,apo_heat,8.89E-01
307,pl,apo_control,apo_heat,8.89E-01
458,fx,apo_control,sym_control,8.89E-01
469,gk,apo_control,sym_control,8.89E-01
544,ku,apo_control,sym_control,8.89E-01
549,kz,apo_control,sym_control,8.89E-01
562,ls,apo_control,sym_control,8.89E-01
1655,cc,sym_control,sym_heat,8.89E-01
1675,cy,sym_control,sym_heat,8.89E-01
1719,ev,sym_control,sym_heat,8.89E-01
1741,fw,sym_control,sym_heat,8.89E-01
1828,ku,sym_control,sym_heat,8.89E-01
1832,ky,sym_control,sym_heat,8.89E-01
1892,oi,sym_control,sym_heat,8.89E-01
68,cw,apo_control,apo_heat,9.10E-01
170,hn,apo_control,apo_heat,9.10E-01
286,oh,apo_control,apo_heat,9.10E-01
309,pn,apo_control,apo_heat,9.10E-01
645,ad,apo_control,sym_heat,9.10E-01
647,af,apo_control,sym_heat,9.10E-01
652,ak,apo_control,sym_heat,9.10E-01
689,bz,apo_control,sym_heat,9.10E-01
831,in,apo_control,sym_heat,9.10E-01
937,ot,apo_control,sym_heat,9.10E-01
1043,dj,apo_heat,sym_control,9.10E-01
1124,gz,apo_heat,sym_control,9.10E-01
1141,hy,apo_heat,sym_control,9.10E-01
1199,lk,apo_heat,sym_control,9.10E-01
1274,pp,apo_heat,sym_control,9.10E-01
1391,eo,apo_heat,sym_heat,9.10E-01
1429,gf,apo_heat,sym_heat,9.10E-01
450,fp,apo_control,sym_control,9.13E-01
282,oa,apo_control,apo_heat,9.21E-01
608,oi,apo_control,sym_control,9.21E-01
761,fd,apo_control,sym_heat,9.21E-01
783,gb,apo_control,sym_heat,9.21E-01
855,kc,apo_control,sym_heat,9.21E-01
874,lg,apo_control,sym_heat,9.21E-01
1010,bz,apo_heat,sym_control,9.21E-01
1202,ln,apo_heat,sym_control,9.21E-01
1301,as,apo_heat,sym_heat,9.21E-01
1313,bf,apo_heat,sym_heat,9.21E-01
1357,dc,apo_heat,sym_heat,9.21E-01
1381,ec,apo_heat,sym_heat,9.21E-01
1419,fv,apo_heat,sym_heat,9.21E-01
1426,gc,apo_heat,sym_heat,9.21E-01
1430,gi,apo_heat,sym_heat,9.21E-01
1466,id,apo_heat,sym_heat,9.21E-01
1472,im,apo_heat,sym_heat,9.21E-01
1510,kx,apo_heat,sym_heat,9.21E-01
1519,lj,apo_heat,sym_heat,9.21E-01
1524,lq,apo_heat,sym_heat,9.21E-01
1577,or,apo_heat,sym_heat,9.21E-01
1592,pm,apo_heat,sym_heat,9.21E-01
1615,ak,sym_control,sym_heat,9.21E-01
1799,iu,sym_control,sym_heat,9.21E-01
1814,ju,sym_control,sym_heat,9.21E-01
1820,ki,sym_control,sym_heat,9.21E-01
1907,pd,sym_control,sym_heat,9.21E-01
1913,pm,sym_control,sym_heat,9.21E-01
1558,no,apo_heat,sym_heat,9.23E-01
173,hr,apo_control,apo_heat,9.25E-01
1909,pf,sym_control,sym_heat,9.29E-01
304,pf,apo_control,apo_heat,9.30E-01
1467,ie,apo_heat,sym_heat,9.46E-01
662,av,apo_control,sym_heat,9.49E-01
686,bw,apo_control,sym_heat,9.49E-01
706,cs,apo_control,sym_heat,9.49E-01
726,do,apo_control,sym_heat,9.49E-01
784,gc,apo_control,sym_heat,9.49E-01
816,ht,apo_control,sym_heat,9.49E-01
848,jp,apo_control,sym_heat,9.49E-01
877,lj,apo_control,sym_heat,9.49E-01
915,nn,apo_control,sym_heat,9.49E-01
919,nr,apo_control,sym_heat,9.49E-01
1130,hi,apo_heat,sym_control,9.49E-01
1225,my,apo_heat,sym_control,9.49E-01
1267,pf,apo_heat,sym_control,9.49E-01
1662,cl,sym_control,sym_heat,9.49E-01
1694,dt,sym_control,sym_heat,9.53E-01
31,bh,apo_control,apo_heat,9.62E-01
75,de,apo_control,apo_heat,9.62E-01
151,gp,apo_control,apo_heat,9.62E-01
243,lx,apo_control,apo_heat,9.62E-01
272,nm,apo_control,apo_heat,9.62E-01
128,fo,apo_control,apo_heat,9.68E-01
219,ko,apo_control,apo_heat,9.68E-01
290,ol,apo_control,apo_heat,9.68E-01
494,hr,apo_control,sym_control,9.68E-01
965,ac,apo_heat,sym_control,9.72E-01
19,au,apo_control,apo_heat,9.81E-01
21,aw,apo_control,apo_heat,9.81E-01
43,bv,apo_control,apo_heat,9.81E-01
46,by,apo_control,apo_heat,9.81E-01
106,en,apo_control,apo_heat,9.81E-01
110,er,apo_control,apo_heat,9.81E-01
141,gb,apo_control,apo_heat,9.81E-01
202,jk,apo_control,apo_heat,9.81E-01
232,lg,apo_control,apo_heat,9.81E-01
271,nl,apo_control,apo_heat,9.81E-01
371,cc,apo_control,sym_control,9.81E-01
405,do,apo_control,sym_control,9.81E-01
435,ev,apo_control,sym_control,9.81E-01
570,mf,apo_control,sym_control,9.81E-01
669,bc,apo_control,sym_heat,9.81E-01
697,cj,apo_control,sym_heat,9.81E-01
699,cl,apo_control,sym_heat,9.81E-01
710,cw,apo_control,sym_heat,9.81E-01
760,fc,apo_control,sym_heat,9.81E-01
780,fy,apo_control,sym_heat,9.81E-01
853,ka,apo_control,sym_heat,9.81E-01
871,lb,apo_control,sym_heat,9.81E-01
1008,bx,apo_heat,sym_control,9.81E-01
1234,nl,apo_heat,sym_control,9.81E-01
1299,ap,apo_heat,sym_heat,9.81E-01
1317,bk,apo_heat,sym_heat,9.81E-01
1322,bp,apo_heat,sym_heat,9.81E-01
1366,dm,apo_heat,sym_heat,9.81E-01
1383,ef,apo_heat,sym_heat,9.81E-01
1422,fy,apo_heat,sym_heat,9.81E-01
1427,gd,apo_heat,sym_heat,9.81E-01
1439,gt,apo_heat,sym_heat,9.81E-01
1450,hh,apo_heat,sym_heat,9.81E-01
1457,hr,apo_heat,sym_heat,9.81E-01
1513,lb,apo_heat,sym_heat,9.81E-01
1532,me,apo_heat,sym_heat,9.81E-01
1545,mw,apo_heat,sym_heat,9.81E-01
1780,hu,sym_control,sym_heat,9.81E-01
280,nx,apo_control,apo_heat,9.84E-01
819,hw,apo_control,sym_heat,9.84E-01
842,jg,apo_control,sym_heat,9.84E-01
905,na,apo_control,sym_heat,9.84E-01
962,qe,apo_control,sym_heat,9.84E-01
247,md,apo_control,apo_heat,9.87E-01
370,cb,apo_control,sym_control,9.87E-01
428,eo,apo_control,sym_control,9.87E-01
443,fh,apo_control,sym_control,9.87E-01
535,kg,apo_control,sym_control,9.87E-01
723,dk,apo_control,sym_heat,9.87E-01
932,ol,apo_control,sym_heat,9.87E-01
1066,ek,apo_heat,sym_control,9.87E-01
1257,os,apo_heat,sym_control,9.87E-01
4,ae,apo_control,apo_heat,9.92E-01
11,al,apo_control,apo_heat,9.92E-01
15,ap,apo_control,apo_heat,9.92E-01
16,ar,apo_control,apo_heat,9.92E-01
26,bb,apo_control,apo_heat,9.92E-01
27,bc,apo_control,apo_heat,9.92E-01
28,bd,apo_control,apo_heat,9.92E-01
30,bg,apo_control,apo_heat,9.92E-01
38,bp,apo_control,apo_heat,9.92E-01
40,bs,apo_control,apo_heat,9.92E-01
48,ca,apo_control,apo_heat,9.92E-01
51,cd,apo_control,apo_heat,9.92E-01
53,cg,apo_control,apo_heat,9.92E-01
55,cj,apo_control,apo_heat,9.92E-01
57,cl,apo_control,apo_heat,9.92E-01
67,cv,apo_control,apo_heat,9.92E-01
74,dd,apo_control,apo_heat,9.92E-01
76,df,apo_control,apo_heat,9.92E-01
78,dh,apo_control,apo_heat,9.92E-01
83,dn,apo_control,apo_heat,9.92E-01
84,do,apo_control,apo_heat,9.92E-01
96,ea,apo_control,apo_heat,9.92E-01
99,ef,apo_control,apo_heat,9.92E-01
101,ei,apo_control,apo_heat,9.92E-01
111,es,apo_control,apo_heat,9.92E-01
116,ez,apo_control,apo_heat,9.92E-01
117,fa,apo_control,apo_heat,9.92E-01
118,fc,apo_control,apo_heat,9.92E-01
119,fd,apo_control,apo_heat,9.92E-01
124,fj,apo_control,apo_heat,9.92E-01
132,fs,apo_control,apo_heat,9.92E-01
135,fv,apo_control,apo_heat,9.92E-01
140,ga,apo_control,apo_heat,9.92E-01
147,gj,apo_control,apo_heat,9.92E-01
148,gk,apo_control,apo_heat,9.92E-01
152,gq,apo_control,apo_heat,9.92E-01
153,gr,apo_control,apo_heat,9.92E-01
155,gt,apo_control,apo_heat,9.92E-01
157,gv,apo_control,apo_heat,9.92E-01
159,gx,apo_control,apo_heat,9.92E-01
164,hf,apo_control,apo_heat,9.92E-01
172,hp,apo_control,apo_heat,9.92E-01
174,ht,apo_control,apo_heat,9.92E-01
179,hz,apo_control,apo_heat,9.92E-01
186,ii,apo_control,apo_heat,9.92E-01
193,it,apo_control,apo_heat,9.92E-01
196,iy,apo_control,apo_heat,9.92E-01
198,jc,apo_control,apo_heat,9.92E-01
199,jd,apo_control,apo_heat,9.92E-01
200,jg,apo_control,apo_heat,9.92E-01
208,jt,apo_control,apo_heat,9.92E-01
210,jy,apo_control,apo_heat,9.92E-01
211,ka,apo_control,apo_heat,9.92E-01
213,kc,apo_control,apo_heat,9.92E-01
216,kj,apo_control,apo_heat,9.92E-01
222,ks,apo_control,apo_heat,9.92E-01
223,ku,apo_control,apo_heat,9.92E-01
226,kx,apo_control,apo_heat,9.92E-01
233,lh,apo_control,apo_heat,9.92E-01
236,lk,apo_control,apo_heat,9.92E-01
241,ls,apo_control,apo_heat,9.92E-01
245,ma,apo_control,apo_heat,9.92E-01
248,me,apo_control,apo_heat,9.92E-01
250,mg,apo_control,apo_heat,9.92E-01
252,mi,apo_control,apo_heat,9.92E-01
257,ms,apo_control,apo_heat,9.92E-01
266,ne,apo_control,apo_heat,9.92E-01
268,ng,apo_control,apo_heat,9.92E-01
269,ni,apo_control,apo_heat,9.92E-01
273,nn,apo_control,apo_heat,9.92E-01
279,nw,apo_control,apo_heat,9.92E-01
284,of,apo_control,apo_heat,9.92E-01
287,oi,apo_control,apo_heat,9.92E-01
298,oz,apo_control,apo_heat,9.92E-01
300,pb,apo_control,apo_heat,9.92E-01
305,ph,apo_control,apo_heat,9.92E-01
306,pk,apo_control,apo_heat,9.92E-01
308,pm,apo_control,apo_heat,9.92E-01
313,pt,apo_control,apo_heat,9.92E-01
314,pu,apo_control,apo_heat,9.92E-01
315,pv,apo_control,apo_heat,9.92E-01
316,pw,apo_control,apo_heat,9.92E-01
318,pz,apo_control,apo_heat,9.92E-01
320,qe,apo_control,apo_heat,9.92E-01
321,qf,apo_control,apo_heat,9.92E-01
323,ac,apo_control,sym_control,9.92E-01
325,ae,apo_control,sym_control,9.92E-01
333,am,apo_control,sym_control,9.92E-01
334,an,apo_control,sym_control,9.92E-01
336,ap,apo_control,sym_control,9.92E-01
337,ar,apo_control,sym_control,9.92E-01
338,as,apo_control,sym_control,9.92E-01
342,aw,apo_control,sym_control,9.92E-01
343,ax,apo_control,sym_control,9.92E-01
344,ay,apo_control,sym_control,9.92E-01
347,bb,apo_control,sym_control,9.92E-01
348,bc,apo_control,sym_control,9.92E-01
350,bf,apo_control,sym_control,9.92E-01
352,bh,apo_control,sym_control,9.92E-01
356,bm,apo_control,sym_control,9.92E-01
358,bo,apo_control,sym_control,9.92E-01
359,bp,apo_control,sym_control,9.92E-01
361,bs,apo_control,sym_control,9.92E-01
363,bu,apo_control,sym_control,9.92E-01
366,bx,apo_control,sym_control,9.92E-01
372,cd,apo_control,sym_control,9.92E-01
374,cg,apo_control,sym_control,9.92E-01
376,cj,apo_control,sym_control,9.92E-01
379,cm,apo_control,sym_control,9.92E-01
380,cn,apo_control,sym_control,9.92E-01
386,ct,apo_control,sym_control,9.92E-01
388,cv,apo_control,sym_control,9.92E-01
389,cw,apo_control,sym_control,9.92E-01
394,dc,apo_control,sym_control,9.92E-01
396,de,apo_control,sym_control,9.92E-01
401,dj,apo_control,sym_control,9.92E-01
407,dq,apo_control,sym_control,9.92E-01
409,ds,apo_control,sym_control,9.92E-01
410,dt,apo_control,sym_control,9.92E-01
413,dw,apo_control,sym_control,9.92E-01
420,ef,apo_control,sym_control,9.92E-01
422,ei,apo_control,sym_control,9.92E-01
426,em,apo_control,sym_control,9.92E-01
429,ep,apo_control,sym_control,9.92E-01
432,es,apo_control,sym_control,9.92E-01
434,eu,apo_control,sym_control,9.92E-01
436,ew,apo_control,sym_control,9.92E-01
437,ez,apo_control,sym_control,9.92E-01
438,fa,apo_control,sym_control,9.92E-01
439,fc,apo_control,sym_control,9.92E-01
441,ff,apo_control,sym_control,9.92E-01
445,fj,apo_control,sym_control,9.92E-01
451,fq,apo_control,sym_control,9.92E-01
453,fs,apo_control,sym_control,9.92E-01
460,fz,apo_control,sym_control,9.92E-01
461,ga,apo_control,sym_control,9.92E-01
462,gb,apo_control,sym_control,9.92E-01
467,gi,apo_control,sym_control,9.92E-01
468,gj,apo_control,sym_control,9.92E-01
472,gp,apo_control,sym_control,9.92E-01
478,gv,apo_control,sym_control,9.92E-01
482,gz,apo_control,sym_control,9.92E-01
483,hc,apo_control,sym_control,9.92E-01
488,hi,apo_control,sym_control,9.92E-01
492,ho,apo_control,sym_control,9.92E-01
495,ht,apo_control,sym_control,9.92E-01
499,hy,apo_control,sym_control,9.92E-01
501,ia,apo_control,sym_control,9.92E-01
506,ih,apo_control,sym_control,9.92E-01
511,iq,apo_control,sym_control,9.92E-01
514,it,apo_control,sym_control,9.92E-01
515,iu,apo_control,sym_control,9.92E-01
516,iv,apo_control,sym_control,9.92E-01
519,jc,apo_control,sym_control,9.92E-01
520,jd,apo_control,sym_control,9.92E-01
524,jm,apo_control,sym_control,9.92E-01
527,jp,apo_control,sym_control,9.92E-01
528,js,apo_control,sym_control,9.92E-01
531,jy,apo_control,sym_control,9.92E-01
532,ka,apo_control,sym_control,9.92E-01
537,kj,apo_control,sym_control,9.92E-01
542,kq,apo_control,sym_control,9.92E-01
543,ks,apo_control,sym_control,9.92E-01
553,lg,apo_control,sym_control,9.92E-01
554,lh,apo_control,sym_control,9.92E-01
558,ll,apo_control,sym_control,9.92E-01
561,lq,apo_control,sym_control,9.92E-01
564,lx,apo_control,sym_control,9.92E-01
565,lz,apo_control,sym_control,9.92E-01
571,mg,apo_control,sym_control,9.92E-01
576,mq,apo_control,sym_control,9.92E-01
583,my,apo_control,sym_control,9.92E-01
588,nf,apo_control,sym_control,9.92E-01
594,nn,apo_control,sym_control,9.92E-01
596,np,apo_control,sym_control,9.92E-01
601,nx,apo_control,sym_control,9.92E-01
602,nz,apo_control,sym_control,9.92E-01
605,of,apo_control,sym_control,9.92E-01
609,oj,apo_control,sym_control,9.92E-01
611,ol,apo_control,sym_control,9.92E-01
618,oy,apo_control,sym_control,9.92E-01
619,oz,apo_control,sym_control,9.92E-01
621,pb,apo_control,sym_control,9.92E-01
623,pd,apo_control,sym_control,9.92E-01
626,ph,apo_control,sym_control,9.92E-01
629,pm,apo_control,sym_control,9.92E-01
631,po,apo_control,sym_control,9.92E-01
632,pp,apo_control,sym_control,9.92E-01
634,pt,apo_control,sym_control,9.92E-01
636,pv,apo_control,sym_control,9.92E-01
637,pw,apo_control,sym_control,9.92E-01
642,qf,apo_control,sym_control,9.92E-01
646,ae,apo_control,sym_heat,9.92E-01
650,ai,apo_control,sym_heat,9.92E-01
651,aj,apo_control,sym_heat,9.92E-01
658,ar,apo_control,sym_heat,9.92E-01
667,ba,apo_control,sym_heat,9.92E-01
668,bb,apo_control,sym_heat,9.92E-01
672,bg,apo_control,sym_heat,9.92E-01
679,bo,apo_control,sym_heat,9.92E-01
681,bq,apo_control,sym_heat,9.92E-01
682,bs,apo_control,sym_heat,9.92E-01
688,by,apo_control,sym_heat,9.92E-01
695,cg,apo_control,sym_heat,9.92E-01
716,dd,apo_control,sym_heat,9.92E-01
720,dh,apo_control,sym_heat,9.92E-01
722,dj,apo_control,sym_heat,9.92E-01
728,dq,apo_control,sym_heat,9.92E-01
734,dw,apo_control,sym_heat,9.92E-01
738,ea,apo_control,sym_heat,9.92E-01
739,ec,apo_control,sym_heat,9.92E-01
742,eg,apo_control,sym_heat,9.92E-01
743,ei,apo_control,sym_heat,9.92E-01
744,ej,apo_control,sym_heat,9.92E-01
745,ek,apo_control,sym_heat,9.92E-01
749,eo,apo_control,sym_heat,9.92E-01
752,er,apo_control,sym_heat,9.92E-01
753,es,apo_control,sym_heat,9.92E-01
758,ez,apo_control,sym_heat,9.92E-01
759,fa,apo_control,sym_heat,9.92E-01
786,ge,apo_control,sym_heat,9.92E-01
789,gj,apo_control,sym_heat,9.92E-01
801,gx,apo_control,sym_heat,9.92E-01
803,gz,apo_control,sym_heat,9.92E-01
809,hi,apo_control,sym_heat,9.92E-01
810,hk,apo_control,sym_heat,9.92E-01
813,ho,apo_control,sym_heat,9.92E-01
814,hp,apo_control,sym_heat,9.92E-01
822,ia,apo_control,sym_heat,9.92E-01
827,ih,apo_control,sym_heat,9.92E-01
828,ii,apo_control,sym_heat,9.92E-01
829,il,apo_control,sym_heat,9.92E-01
830,im,apo_control,sym_heat,9.92E-01
832,iq,apo_control,sym_heat,9.92E-01
833,ir,apo_control,sym_heat,9.92E-01
837,iv,apo_control,sym_heat,9.92E-01
839,iz,apo_control,sym_heat,9.92E-01
840,jc,apo_control,sym_heat,9.92E-01
851,ju,apo_control,sym_heat,9.92E-01
852,jy,apo_control,sym_heat,9.92E-01
880,lm,apo_control,sym_heat,9.92E-01
894,mi,apo_control,sym_heat,9.92E-01
897,mq,apo_control,sym_heat,9.92E-01
904,my,apo_control,sym_heat,9.92E-01
906,nb,apo_control,sym_heat,9.92E-01
909,nf,apo_control,sym_heat,9.92E-01
910,ng,apo_control,sym_heat,9.92E-01
916,no,apo_control,sym_heat,9.92E-01
917,np,apo_control,sym_heat,9.92E-01
922,nx,apo_control,sym_heat,9.92E-01
926,of,apo_control,sym_heat,9.92E-01
930,oj,apo_control,sym_heat,9.92E-01
935,or,apo_control,sym_heat,9.92E-01
938,ov,apo_control,sym_heat,9.92E-01
939,oy,apo_control,sym_heat,9.92E-01
947,ph,apo_control,sym_heat,9.92E-01
949,pl,apo_control,sym_heat,9.92E-01
951,pn,apo_control,sym_heat,9.92E-01
952,po,apo_control,sym_heat,9.92E-01
956,pu,apo_control,sym_heat,9.92E-01
957,pv,apo_control,sym_heat,9.92E-01
960,pz,apo_control,sym_heat,9.92E-01
961,qa,apo_control,sym_heat,9.92E-01
963,qf,apo_control,sym_heat,9.92E-01
974,al,apo_heat,sym_control,9.92E-01
975,am,apo_heat,sym_control,9.92E-01
976,an,apo_heat,sym_control,9.92E-01
980,as,apo_heat,sym_control,9.92E-01
985,ax,apo_heat,sym_control,9.92E-01
990,bc,apo_heat,sym_control,9.92E-01
991,bd,apo_heat,sym_control,9.92E-01
994,bh,apo_heat,sym_control,9.92E-01
995,bi,apo_heat,sym_control,9.92E-01
998,bm,apo_heat,sym_control,9.92E-01
1002,bq,apo_heat,sym_control,9.92E-01
1005,bu,apo_heat,sym_control,9.92E-01
1018,cj,apo_heat,sym_control,9.92E-01
1020,cl,apo_heat,sym_control,9.92E-01
1021,cm,apo_heat,sym_control,9.92E-01
1023,co,apo_heat,sym_control,9.92E-01
1028,ct,apo_heat,sym_control,9.92E-01
1031,cw,apo_heat,sym_control,9.92E-01
1038,de,apo_heat,sym_control,9.92E-01
1039,df,apo_heat,sym_control,9.92E-01
1040,dg,apo_heat,sym_control,9.92E-01
1044,dk,apo_heat,sym_control,9.92E-01
1049,dq,apo_heat,sym_control,9.92E-01
1051,ds,apo_heat,sym_control,9.92E-01
1052,dt,apo_heat,sym_control,9.92E-01
1055,dw,apo_heat,sym_control,9.92E-01
1059,ea,apo_heat,sym_control,9.92E-01
1063,eg,apo_heat,sym_control,9.92E-01
1068,em,apo_heat,sym_control,9.92E-01
1076,eu,apo_heat,sym_control,9.92E-01
1081,fc,apo_heat,sym_control,9.92E-01
1082,fd,apo_heat,sym_control,9.92E-01
1083,ff,apo_heat,sym_control,9.92E-01
1084,fg,apo_heat,sym_control,9.92E-01
1093,fq,apo_heat,sym_control,9.92E-01
1098,fv,apo_heat,sym_control,9.92E-01
1100,fx,apo_heat,sym_control,9.92E-01
1104,gb,apo_heat,sym_control,9.92E-01
1112,gm,apo_heat,sym_control,9.92E-01
1114,gp,apo_heat,sym_control,9.92E-01
1115,gq,apo_heat,sym_control,9.92E-01
1116,gr,apo_heat,sym_control,9.92E-01
1121,gw,apo_heat,sym_control,9.92E-01
1127,hf,apo_heat,sym_control,9.92E-01
1133,hn,apo_heat,sym_control,9.92E-01
1134,ho,apo_heat,sym_control,9.92E-01
1138,hu,apo_heat,sym_control,9.92E-01
1142,hz,apo_heat,sym_control,9.92E-01
1143,ia,apo_heat,sym_control,9.92E-01
1148,ih,apo_heat,sym_control,9.92E-01
1149,ii,apo_heat,sym_control,9.92E-01
1153,iq,apo_heat,sym_control,9.92E-01
1159,iy,apo_heat,sym_control,9.92E-01
1160,iz,apo_heat,sym_control,9.92E-01
1163,jg,apo_heat,sym_control,9.92E-01
1168,jo,apo_heat,sym_control,9.92E-01
1169,jp,apo_heat,sym_control,9.92E-01
1170,js,apo_heat,sym_control,9.92E-01
1171,jt,apo_heat,sym_control,9.92E-01
1174,ka,apo_heat,sym_control,9.92E-01
1176,kc,apo_heat,sym_control,9.92E-01
1178,ki,apo_heat,sym_control,9.92E-01
1183,kp,apo_heat,sym_control,9.92E-01
1184,kq,apo_heat,sym_control,9.92E-01
1189,kx,apo_heat,sym_control,9.92E-01
1191,kz,apo_heat,sym_control,9.92E-01
1195,lg,apo_heat,sym_control,9.92E-01
1197,li,apo_heat,sym_control,9.92E-01
1200,ll,apo_heat,sym_control,9.92E-01
1205,lu,apo_heat,sym_control,9.92E-01
1206,lx,apo_heat,sym_control,9.92E-01
1208,ma,apo_heat,sym_control,9.92E-01
1210,md,apo_heat,sym_control,9.92E-01
1212,mf,apo_heat,sym_control,9.92E-01
1214,mh,apo_heat,sym_control,9.92E-01
1218,mq,apo_heat,sym_control,9.92E-01
1228,nd,apo_heat,sym_control,9.92E-01
1229,ne,apo_heat,sym_control,9.92E-01
1230,nf,apo_heat,sym_control,9.92E-01
1232,ni,apo_heat,sym_control,9.92E-01
1235,nm,apo_heat,sym_control,9.92E-01
1241,ns,apo_heat,sym_control,9.92E-01
1242,nw,apo_heat,sym_control,9.92E-01
1244,nz,apo_heat,sym_control,9.92E-01
1249,oh,apo_heat,sym_control,9.92E-01
1250,oi,apo_heat,sym_control,9.92E-01
1251,oj,apo_heat,sym_control,9.92E-01
1253,ol,apo_heat,sym_control,9.92E-01
1260,oy,apo_heat,sym_control,9.92E-01
1269,pk,apo_heat,sym_control,9.92E-01
1270,pl,apo_heat,sym_control,9.92E-01
1272,pn,apo_heat,sym_control,9.92E-01
1273,po,apo_heat,sym_control,9.92E-01
1281,pz,apo_heat,sym_control,9.92E-01
1283,qe,apo_heat,sym_control,9.92E-01
1289,af,apo_heat,sym_heat,9.92E-01
1292,ai,apo_heat,sym_heat,9.92E-01
1293,aj,apo_heat,sym_heat,9.92E-01
1295,al,apo_heat,sym_heat,9.92E-01
1303,au,apo_heat,sym_heat,9.92E-01
1304,av,apo_heat,sym_heat,9.92E-01
1309,ba,apo_heat,sym_heat,9.92E-01
1312,bd,apo_heat,sym_heat,9.92E-01
1315,bh,apo_heat,sym_heat,9.92E-01
1318,bl,apo_heat,sym_heat,9.92E-01
1323,bq,apo_heat,sym_heat,9.92E-01
1325,bt,apo_heat,sym_heat,9.92E-01
1327,bv,apo_heat,sym_heat,9.92E-01
1328,bw,apo_heat,sym_heat,9.92E-01
1331,bz,apo_heat,sym_heat,9.92E-01
1333,cb,apo_heat,sym_heat,9.92E-01
1334,cc,apo_heat,sym_heat,9.92E-01
1335,cd,apo_heat,sym_heat,9.92E-01
1336,cf,apo_heat,sym_heat,9.92E-01
1340,ck,apo_heat,sym_heat,9.92E-01
1342,cm,apo_heat,sym_heat,9.92E-01
1353,cx,apo_heat,sym_heat,9.92E-01
1355,cz,apo_heat,sym_heat,9.92E-01
1356,da,apo_heat,sym_heat,9.92E-01
1359,de,apo_heat,sym_heat,9.92E-01
1360,df,apo_heat,sym_heat,9.92E-01
1365,dk,apo_heat,sym_heat,9.92E-01
1367,dn,apo_heat,sym_heat,9.92E-01
1368,do,apo_heat,sym_heat,9.92E-01
1370,dq,apo_heat,sym_heat,9.92E-01
1375,dv,apo_heat,sym_heat,9.92E-01
1377,dx,apo_heat,sym_heat,9.92E-01
1384,eg,apo_heat,sym_heat,9.92E-01
1386,ej,apo_heat,sym_heat,9.92E-01
1387,ek,apo_heat,sym_heat,9.92E-01
1388,el,apo_heat,sym_heat,9.92E-01
1390,en,apo_heat,sym_heat,9.92E-01
1392,ep,apo_heat,sym_heat,9.92E-01
1398,ev,apo_heat,sym_heat,9.92E-01
1399,ew,apo_heat,sym_heat,9.92E-01
1403,fd,apo_heat,sym_heat,9.92E-01
1404,ff,apo_heat,sym_heat,9.92E-01
1405,fg,apo_heat,sym_heat,9.92E-01
1408,fj,apo_heat,sym_heat,9.92E-01
1418,fu,apo_heat,sym_heat,9.92E-01
1424,ga,apo_heat,sym_heat,9.92E-01
1433,gm,apo_heat,sym_heat,9.92E-01
1435,gp,apo_heat,sym_heat,9.92E-01
1437,gr,apo_heat,sym_heat,9.92E-01
1447,hd,apo_heat,sym_heat,9.92E-01
1448,hf,apo_heat,sym_heat,9.92E-01
1452,hk,apo_heat,sym_heat,9.92E-01
1454,hn,apo_heat,sym_heat,9.92E-01
1455,ho,apo_heat,sym_heat,9.92E-01
1461,hw,apo_heat,sym_heat,9.92E-01
1463,hz,apo_heat,sym_heat,9.92E-01
1465,ic,apo_heat,sym_heat,9.92E-01
1469,ih,apo_heat,sym_heat,9.92E-01
1473,in,apo_heat,sym_heat,9.92E-01
1474,iq,apo_heat,sym_heat,9.92E-01
1477,it,apo_heat,sym_heat,9.92E-01
1481,iz,apo_heat,sym_heat,9.92E-01
1483,jd,apo_heat,sym_heat,9.92E-01
1485,ji,apo_heat,sym_heat,9.92E-01
1486,jk,apo_heat,sym_heat,9.92E-01
1487,jm,apo_heat,sym_heat,9.92E-01
1489,jo,apo_heat,sym_heat,9.92E-01
1492,jt,apo_heat,sym_heat,9.92E-01
1493,ju,apo_heat,sym_heat,9.92E-01
1497,kc,apo_heat,sym_heat,9.92E-01
1500,kj,apo_heat,sym_heat,9.92E-01
1507,ku,apo_heat,sym_heat,9.92E-01
1508,kv,apo_heat,sym_heat,9.92E-01
1511,ky,apo_heat,sym_heat,9.92E-01
1523,ln,apo_heat,sym_heat,9.92E-01
1526,lu,apo_heat,sym_heat,9.92E-01
1527,lx,apo_heat,sym_heat,9.92E-01
1529,ma,apo_heat,sym_heat,9.92E-01
1539,mq,apo_heat,sym_heat,9.92E-01
1540,mr,apo_heat,sym_heat,9.92E-01
1541,ms,apo_heat,sym_heat,9.92E-01
1543,mu,apo_heat,sym_heat,9.92E-01
1547,na,apo_heat,sym_heat,9.92E-01
1548,nb,apo_heat,sym_heat,9.92E-01
1550,ne,apo_heat,sym_heat,9.92E-01
1551,nf,apo_heat,sym_heat,9.92E-01
1553,ni,apo_heat,sym_heat,9.92E-01
1555,nl,apo_heat,sym_heat,9.92E-01
1556,nm,apo_heat,sym_heat,9.92E-01
1563,nw,apo_heat,sym_heat,9.92E-01
1567,ob,apo_heat,sym_heat,9.92E-01
1572,oj,apo_heat,sym_heat,9.92E-01
1573,ok,apo_heat,sym_heat,9.92E-01
1575,om,apo_heat,sym_heat,9.92E-01
1579,ot,apo_heat,sym_heat,9.92E-01
1581,oy,apo_heat,sym_heat,9.92E-01
1584,pb,apo_heat,sym_heat,9.92E-01
1591,pl,apo_heat,sym_heat,9.92E-01
1594,po,apo_heat,sym_heat,9.92E-01
1597,pt,apo_heat,sym_heat,9.92E-01
1600,pw,apo_heat,sym_heat,9.92E-01
1603,qa,apo_heat,sym_heat,9.92E-01
1610,af,sym_control,sym_heat,9.92E-01
1614,aj,sym_control,sym_heat,9.92E-01
1617,am,sym_control,sym_heat,9.92E-01
1618,an,sym_control,sym_heat,9.92E-01
1625,av,sym_control,sym_heat,9.92E-01
1627,ax,sym_control,sym_heat,9.92E-01
1632,bc,sym_control,sym_heat,9.92E-01
1634,bf,sym_control,sym_heat,9.92E-01
1637,bi,sym_control,sym_heat,9.92E-01
1640,bm,sym_control,sym_heat,9.92E-01
1647,bu,sym_control,sym_heat,9.92E-01
1649,bw,sym_control,sym_heat,9.92E-01
1651,by,sym_control,sym_heat,9.92E-01
1653,ca,sym_control,sym_heat,9.92E-01
1656,cd,sym_control,sym_heat,9.92E-01
1660,cj,sym_control,sym_heat,9.92E-01
1668,cr,sym_control,sym_heat,9.92E-01
1672,cv,sym_control,sym_heat,9.92E-01
1673,cw,sym_control,sym_heat,9.92E-01
1678,dc,sym_control,sym_heat,9.92E-01
1682,dg,sym_control,sym_heat,9.92E-01
1683,dh,sym_control,sym_heat,9.92E-01
1685,dj,sym_control,sym_heat,9.92E-01
1690,dp,sym_control,sym_heat,9.92E-01
1693,ds,sym_control,sym_heat,9.92E-01
1701,ea,sym_control,sym_heat,9.92E-01
1702,ec,sym_control,sym_heat,9.92E-01
1710,em,sym_control,sym_heat,9.92E-01
1715,er,sym_control,sym_heat,9.92E-01
1717,et,sym_control,sym_heat,9.92E-01
1720,ew,sym_control,sym_heat,9.92E-01
1723,fc,sym_control,sym_heat,9.92E-01
1728,fi,sym_control,sym_heat,9.92E-01
1729,fj,sym_control,sym_heat,9.92E-01
1733,fo,sym_control,sym_heat,9.92E-01
1737,fs,sym_control,sym_heat,9.92E-01
1745,ga,sym_control,sym_heat,9.92E-01
1751,gi,sym_control,sym_heat,9.92E-01
1763,gw,sym_control,sym_heat,9.92E-01
1764,gx,sym_control,sym_heat,9.92E-01
1766,gz,sym_control,sym_heat,9.92E-01
1767,hc,sym_control,sym_heat,9.92E-01
1774,hm,sym_control,sym_heat,9.92E-01
1778,hr,sym_control,sym_heat,9.92E-01
1779,ht,sym_control,sym_heat,9.92E-01
1782,hw,sym_control,sym_heat,9.92E-01
1783,hy,sym_control,sym_heat,9.92E-01
1791,ii,sym_control,sym_heat,9.92E-01
1793,im,sym_control,sym_heat,9.92E-01
1798,it,sym_control,sym_heat,9.92E-01
1804,jd,sym_control,sym_heat,9.92E-01
1805,jg,sym_control,sym_heat,9.92E-01
1816,ka,sym_control,sym_heat,9.92E-01
1821,kj,sym_control,sym_heat,9.92E-01
1824,ko,sym_control,sym_heat,9.92E-01
1825,kp,sym_control,sym_heat,9.92E-01
1827,ks,sym_control,sym_heat,9.92E-01
1836,le,sym_control,sym_heat,9.92E-01
1838,lh,sym_control,sym_heat,9.92E-01
1841,lk,sym_control,sym_heat,9.92E-01
1842,ll,sym_control,sym_heat,9.92E-01
1845,lq,sym_control,sym_heat,9.92E-01
1854,mf,sym_control,sym_heat,9.92E-01
1856,mh,sym_control,sym_heat,9.92E-01
1857,mi,sym_control,sym_heat,9.92E-01
1858,mj,sym_control,sym_heat,9.92E-01
1868,na,sym_control,sym_heat,9.92E-01
1870,nd,sym_control,sym_heat,9.92E-01
1878,nn,sym_control,sym_heat,9.92E-01
1883,ns,sym_control,sym_heat,9.92E-01
1886,nz,sym_control,sym_heat,9.92E-01
1891,oh,sym_control,sym_heat,9.92E-01
1894,ok,sym_control,sym_heat,9.92E-01
1897,op,sym_control,sym_heat,9.92E-01
1898,or,sym_control,sym_heat,9.92E-01
1903,oz,sym_control,sym_heat,9.92E-01
1905,pb,sym_control,sym_heat,9.92E-01
1916,pp,sym_control,sym_heat,9.92E-01
1917,ps,sym_control,sym_heat,9.92E-01
1918,pt,sym_control,sym_heat,9.92E-01
1921,pw,sym_control,sym_heat,9.92E-01
1924,qa,sym_control,sym_heat,9.92E-01
1925,qe,sym_control,sym_heat,9.92E-01
29,bf,apo_control,apo_heat,9.97E-01
73,dc,apo_control,apo_heat,9.97E-01
146,gi,apo_control,apo_heat,9.97E-01
240,lq,apo_control,apo_heat,9.97E-01
599,ns,apo_control,sym_control,9.97E-01
1090,fn,apo_heat,sym_control,9.97E-01
1237,no,apo_heat,sym_control,9.97E-01
1243,nx,apo_heat,sym_control,9.97E-01
1796,ir,sym_control,sym_heat,9.97E-01
1811,jp,sym_control,sym_heat,9.97E-01
1839,li,sym_control,sym_heat,9.97E-01
6,ag,apo_control,apo_heat,1.00E+00
8,ai,apo_control,apo_heat,1.00E+00
12,am,apo_control,apo_heat,1.00E+00
13,an,apo_control,apo_heat,1.00E+00
14,ao,apo_control,apo_heat,1.00E+00
18,at,apo_control,apo_heat,1.00E+00
22,ax,apo_control,apo_heat,1.00E+00
23,ay,apo_control,apo_heat,1.00E+00
25,ba,apo_control,apo_heat,1.00E+00
32,bi,apo_control,apo_heat,1.00E+00
35,bm,apo_control,apo_heat,1.00E+00
36,bn,apo_control,apo_heat,1.00E+00
37,bo,apo_control,apo_heat,1.00E+00
42,bu,apo_control,apo_heat,1.00E+00
45,bx,apo_control,apo_heat,1.00E+00
50,cc,apo_control,apo_heat,1.00E+00
54,ch,apo_control,apo_heat,1.00E+00
58,cm,apo_control,apo_heat,1.00E+00
61,cp,apo_control,apo_heat,1.00E+00
62,cq,apo_control,apo_heat,1.00E+00
63,cr,apo_control,apo_heat,1.00E+00
64,cs,apo_control,apo_heat,1.00E+00
65,ct,apo_control,apo_heat,1.00E+00
66,cu,apo_control,apo_heat,1.00E+00
70,cy,apo_control,apo_heat,1.00E+00
71,cz,apo_control,apo_heat,1.00E+00
77,dg,apo_control,apo_heat,1.00E+00
79,di,apo_control,apo_heat,1.00E+00
81,dk,apo_control,apo_heat,1.00E+00
86,dq,apo_control,apo_heat,1.00E+00
87,dr,apo_control,apo_heat,1.00E+00
88,ds,apo_control,apo_heat,1.00E+00
89,dt,apo_control,apo_heat,1.00E+00
93,dx,apo_control,apo_heat,1.00E+00
95,dz,apo_control,apo_heat,1.00E+00
97,ec,apo_control,apo_heat,1.00E+00
98,ee,apo_control,apo_heat,1.00E+00
102,ej,apo_control,apo_heat,1.00E+00
105,em,apo_control,apo_heat,1.00E+00
107,eo,apo_control,apo_heat,1.00E+00
109,eq,apo_control,apo_heat,1.00E+00
112,et,apo_control,apo_heat,1.00E+00
114,ev,apo_control,apo_heat,1.00E+00
115,ew,apo_control,apo_heat,1.00E+00
120,ff,apo_control,apo_heat,1.00E+00
125,fl,apo_control,apo_heat,1.00E+00
126,fm,apo_control,apo_heat,1.00E+00
127,fn,apo_control,apo_heat,1.00E+00
130,fq,apo_control,apo_heat,1.00E+00
131,fr,apo_control,apo_heat,1.00E+00
133,ft,apo_control,apo_heat,1.00E+00
136,fw,apo_control,apo_heat,1.00E+00
137,fx,apo_control,apo_heat,1.00E+00
138,fy,apo_control,apo_heat,1.00E+00
144,ge,apo_control,apo_heat,1.00E+00
150,gn,apo_control,apo_heat,1.00E+00
154,gs,apo_control,apo_heat,1.00E+00
156,gu,apo_control,apo_heat,1.00E+00
158,gw,apo_control,apo_heat,1.00E+00
160,gy,apo_control,apo_heat,1.00E+00
162,hc,apo_control,apo_heat,1.00E+00
163,hd,apo_control,apo_heat,1.00E+00
165,hg,apo_control,apo_heat,1.00E+00
167,hi,apo_control,apo_heat,1.00E+00
168,hk,apo_control,apo_heat,1.00E+00
171,ho,apo_control,apo_heat,1.00E+00
175,hu,apo_control,apo_heat,1.00E+00
177,hw,apo_control,apo_heat,1.00E+00
178,hy,apo_control,apo_heat,1.00E+00
181,ic,apo_control,apo_heat,1.00E+00
182,id,apo_control,apo_heat,1.00E+00
184,ig,apo_control,apo_heat,1.00E+00
185,ih,apo_control,apo_heat,1.00E+00
187,il,apo_control,apo_heat,1.00E+00
188,im,apo_control,apo_heat,1.00E+00
189,in,apo_control,apo_heat,1.00E+00
190,iq,apo_control,apo_heat,1.00E+00
191,ir,apo_control,apo_heat,1.00E+00
192,is,apo_control,apo_heat,1.00E+00
195,iv,apo_control,apo_heat,1.00E+00
204,jn,apo_control,apo_heat,1.00E+00
206,jp,apo_control,apo_heat,1.00E+00
209,ju,apo_control,apo_heat,1.00E+00
212,kb,apo_control,apo_heat,1.00E+00
215,ki,apo_control,apo_heat,1.00E+00
217,km,apo_control,apo_heat,1.00E+00
218,kn,apo_control,apo_heat,1.00E+00
221,kq,apo_control,apo_heat,1.00E+00
227,ky,apo_control,apo_heat,1.00E+00
228,kz,apo_control,apo_heat,1.00E+00
229,lb,apo_control,apo_heat,1.00E+00
231,le,apo_control,apo_heat,1.00E+00
234,li,apo_control,apo_heat,1.00E+00
238,lm,apo_control,apo_heat,1.00E+00
239,ln,apo_control,apo_heat,1.00E+00
246,mc,apo_control,apo_heat,1.00E+00
249,mf,apo_control,apo_heat,1.00E+00
251,mh,apo_control,apo_heat,1.00E+00
253,mj,apo_control,apo_heat,1.00E+00
254,mo,apo_control,apo_heat,1.00E+00
255,mq,apo_control,apo_heat,1.00E+00
256,mr,apo_control,apo_heat,1.00E+00
258,mt,apo_control,apo_heat,1.00E+00
259,mu,apo_control,apo_heat,1.00E+00
260,mv,apo_control,apo_heat,1.00E+00
262,my,apo_control,apo_heat,1.00E+00
263,na,apo_control,apo_heat,1.00E+00
264,nb,apo_control,apo_heat,1.00E+00
267,nf,apo_control,apo_heat,1.00E+00
274,no,apo_control,apo_heat,1.00E+00
275,np,apo_control,apo_heat,1.00E+00
278,ns,apo_control,apo_heat,1.00E+00
281,nz,apo_control,apo_heat,1.00E+00
283,ob,apo_control,apo_heat,1.00E+00
285,og,apo_control,apo_heat,1.00E+00
288,oj,apo_control,apo_heat,1.00E+00
289,ok,apo_control,apo_heat,1.00E+00
292,op,apo_control,apo_heat,1.00E+00
293,or,apo_control,apo_heat,1.00E+00
295,ot,apo_control,apo_heat,1.00E+00
296,ov,apo_control,apo_heat,1.00E+00
297,oy,apo_control,apo_heat,1.00E+00
299,pa,apo_control,apo_heat,1.00E+00
301,pc,apo_control,apo_heat,1.00E+00
303,pe,apo_control,apo_heat,1.00E+00
311,pp,apo_control,apo_heat,1.00E+00
312,ps,apo_control,apo_heat,1.00E+00
317,px,apo_control,apo_heat,1.00E+00
319,qa,apo_control,apo_heat,1.00E+00
328,ah,apo_control,sym_control,1.00E+00
331,ak,apo_control,sym_control,1.00E+00
332,al,apo_control,sym_control,1.00E+00
335,ao,apo_control,sym_control,1.00E+00
340,au,apo_control,sym_control,1.00E+00
345,az,apo_control,sym_control,1.00E+00
349,bd,apo_control,sym_control,1.00E+00
351,bg,apo_control,sym_control,1.00E+00
353,bi,apo_control,sym_control,1.00E+00
354,bk,apo_control,sym_control,1.00E+00
357,bn,apo_control,sym_control,1.00E+00
360,bq,apo_control,sym_control,1.00E+00
362,bt,apo_control,sym_control,1.00E+00
364,bv,apo_control,sym_control,1.00E+00
367,by,apo_control,sym_control,1.00E+00
368,bz,apo_control,sym_control,1.00E+00
375,ch,apo_control,sym_control,1.00E+00
378,cl,apo_control,sym_control,1.00E+00
383,cq,apo_control,sym_control,1.00E+00
384,cr,apo_control,sym_control,1.00E+00
387,cu,apo_control,sym_control,1.00E+00
391,cy,apo_control,sym_control,1.00E+00
395,dd,apo_control,sym_control,1.00E+00
397,df,apo_control,sym_control,1.00E+00
398,dg,apo_control,sym_control,1.00E+00
399,dh,apo_control,sym_control,1.00E+00
400,di,apo_control,sym_control,1.00E+00
402,dk,apo_control,sym_control,1.00E+00
403,dm,apo_control,sym_control,1.00E+00
408,dr,apo_control,sym_control,1.00E+00
411,du,apo_control,sym_control,1.00E+00
414,dx,apo_control,sym_control,1.00E+00
416,dz,apo_control,sym_control,1.00E+00
417,ea,apo_control,sym_control,1.00E+00
418,ec,apo_control,sym_control,1.00E+00
419,ee,apo_control,sym_control,1.00E+00
421,eg,apo_control,sym_control,1.00E+00
423,ej,apo_control,sym_control,1.00E+00
424,ek,apo_control,sym_control,1.00E+00
425,el,apo_control,sym_control,1.00E+00
427,en,apo_control,sym_control,1.00E+00
430,eq,apo_control,sym_control,1.00E+00
431,er,apo_control,sym_control,1.00E+00
440,fd,apo_control,sym_control,1.00E+00
447,fm,apo_control,sym_control,1.00E+00
448,fn,apo_control,sym_control,1.00E+00
452,fr,apo_control,sym_control,1.00E+00
454,ft,apo_control,sym_control,1.00E+00
456,fv,apo_control,sym_control,1.00E+00
457,fw,apo_control,sym_control,1.00E+00
459,fy,apo_control,sym_control,1.00E+00
464,gd,apo_control,sym_control,1.00E+00
471,gn,apo_control,sym_control,1.00E+00
473,gq,apo_control,sym_control,1.00E+00
474,gr,apo_control,sym_control,1.00E+00
475,gs,apo_control,sym_control,1.00E+00
476,gt,apo_control,sym_control,1.00E+00
477,gu,apo_control,sym_control,1.00E+00
479,gw,apo_control,sym_control,1.00E+00
480,gx,apo_control,sym_control,1.00E+00
481,gy,apo_control,sym_control,1.00E+00
484,hd,apo_control,sym_control,1.00E+00
485,hf,apo_control,sym_control,1.00E+00
486,hg,apo_control,sym_control,1.00E+00
487,hh,apo_control,sym_control,1.00E+00
489,hk,apo_control,sym_control,1.00E+00
493,hp,apo_control,sym_control,1.00E+00
496,hu,apo_control,sym_control,1.00E+00
497,hv,apo_control,sym_control,1.00E+00
498,hw,apo_control,sym_control,1.00E+00
500,hz,apo_control,sym_control,1.00E+00
502,ic,apo_control,sym_control,1.00E+00
503,id,apo_control,sym_control,1.00E+00
505,ig,apo_control,sym_control,1.00E+00
507,ii,apo_control,sym_control,1.00E+00
509,im,apo_control,sym_control,1.00E+00
510,in,apo_control,sym_control,1.00E+00
512,ir,apo_control,sym_control,1.00E+00
513,is,apo_control,sym_control,1.00E+00
517,iy,apo_control,sym_control,1.00E+00
518,iz,apo_control,sym_control,1.00E+00
521,jg,apo_control,sym_control,1.00E+00
522,ji,apo_control,sym_control,1.00E+00
523,jk,apo_control,sym_control,1.00E+00
525,jn,apo_control,sym_control,1.00E+00
529,jt,apo_control,sym_control,1.00E+00
530,ju,apo_control,sym_control,1.00E+00
533,kb,apo_control,sym_control,1.00E+00
534,kc,apo_control,sym_control,1.00E+00
536,ki,apo_control,sym_control,1.00E+00
538,km,apo_control,sym_control,1.00E+00
539,kn,apo_control,sym_control,1.00E+00
546,kw,apo_control,sym_control,1.00E+00
547,kx,apo_control,sym_control,1.00E+00
548,ky,apo_control,sym_control,1.00E+00
550,lb,apo_control,sym_control,1.00E+00
552,le,apo_control,sym_control,1.00E+00
555,li,apo_control,sym_control,1.00E+00
557,lk,apo_control,sym_control,1.00E+00
566,ma,apo_control,sym_control,1.00E+00
567,mc,apo_control,sym_control,1.00E+00
568,md,apo_control,sym_control,1.00E+00
569,me,apo_control,sym_control,1.00E+00
572,mh,apo_control,sym_control,1.00E+00
573,mi,apo_control,sym_control,1.00E+00
574,mj,apo_control,sym_control,1.00E+00
575,mo,apo_control,sym_control,1.00E+00
577,mr,apo_control,sym_control,1.00E+00
578,ms,apo_control,sym_control,1.00E+00
579,mt,apo_control,sym_control,1.00E+00
580,mu,apo_control,sym_control,1.00E+00
581,mv,apo_control,sym_control,1.00E+00
582,mw,apo_control,sym_control,1.00E+00
584,na,apo_control,sym_control,1.00E+00
585,nb,apo_control,sym_control,1.00E+00
587,ne,apo_control,sym_control,1.00E+00
589,ng,apo_control,sym_control,1.00E+00
590,ni,apo_control,sym_control,1.00E+00
591,nj,apo_control,sym_control,1.00E+00
592,nl,apo_control,sym_control,1.00E+00
595,no,apo_control,sym_control,1.00E+00
597,nq,apo_control,sym_control,1.00E+00
600,nw,apo_control,sym_control,1.00E+00
604,ob,apo_control,sym_control,1.00E+00
606,og,apo_control,sym_control,1.00E+00
607,oh,apo_control,sym_control,1.00E+00
610,ok,apo_control,sym_control,1.00E+00
612,om,apo_control,sym_control,1.00E+00
613,op,apo_control,sym_control,1.00E+00
614,or,apo_control,sym_control,1.00E+00
616,ot,apo_control,sym_control,1.00E+00
617,ov,apo_control,sym_control,1.00E+00
620,pa,apo_control,sym_control,1.00E+00
622,pc,apo_control,sym_control,1.00E+00
624,pe,apo_control,sym_control,1.00E+00
627,pk,apo_control,sym_control,1.00E+00
628,pl,apo_control,sym_control,1.00E+00
630,pn,apo_control,sym_control,1.00E+00
633,ps,apo_control,sym_control,1.00E+00
635,pu,apo_control,sym_control,1.00E+00
638,px,apo_control,sym_control,1.00E+00
639,pz,apo_control,sym_control,1.00E+00
640,qa,apo_control,sym_control,1.00E+00
641,qe,apo_control,sym_control,1.00E+00
648,ag,apo_control,sym_heat,1.00E+00
654,am,apo_control,sym_heat,1.00E+00
655,an,apo_control,sym_heat,1.00E+00
656,ao,apo_control,sym_heat,1.00E+00
657,ap,apo_control,sym_heat,1.00E+00
660,at,apo_control,sym_heat,1.00E+00
661,au,apo_control,sym_heat,1.00E+00
663,aw,apo_control,sym_heat,1.00E+00
664,ax,apo_control,sym_heat,1.00E+00
665,ay,apo_control,sym_heat,1.00E+00
674,bi,apo_control,sym_heat,1.00E+00
675,bk,apo_control,sym_heat,1.00E+00
677,bm,apo_control,sym_heat,1.00E+00
678,bn,apo_control,sym_heat,1.00E+00
680,bp,apo_control,sym_heat,1.00E+00
684,bu,apo_control,sym_heat,1.00E+00
685,bv,apo_control,sym_heat,1.00E+00
687,bx,apo_control,sym_heat,1.00E+00
692,cc,apo_control,sym_heat,1.00E+00
693,cd,apo_control,sym_heat,1.00E+00
696,ch,apo_control,sym_heat,1.00E+00
700,cm,apo_control,sym_heat,1.00E+00
703,cp,apo_control,sym_heat,1.00E+00
704,cq,apo_control,sym_heat,1.00E+00
705,cr,apo_control,sym_heat,1.00E+00
707,ct,apo_control,sym_heat,1.00E+00
708,cu,apo_control,sym_heat,1.00E+00
709,cv,apo_control,sym_heat,1.00E+00
713,cz,apo_control,sym_heat,1.00E+00
719,dg,apo_control,sym_heat,1.00E+00
721,di,apo_control,sym_heat,1.00E+00
724,dm,apo_control,sym_heat,1.00E+00
729,dr,apo_control,sym_heat,1.00E+00
730,ds,apo_control,sym_heat,1.00E+00
731,dt,apo_control,sym_heat,1.00E+00
735,dx,apo_control,sym_heat,1.00E+00
737,dz,apo_control,sym_heat,1.00E+00
740,ee,apo_control,sym_heat,1.00E+00
741,ef,apo_control,sym_heat,1.00E+00
747,em,apo_control,sym_heat,1.00E+00
748,en,apo_control,sym_heat,1.00E+00
751,eq,apo_control,sym_heat,1.00E+00
756,ev,apo_control,sym_heat,1.00E+00
757,ew,apo_control,sym_heat,1.00E+00
762,ff,apo_control,sym_heat,1.00E+00
766,fj,apo_control,sym_heat,1.00E+00
767,fl,apo_control,sym_heat,1.00E+00
768,fm,apo_control,sym_heat,1.00E+00
769,fn,apo_control,sym_heat,1.00E+00
772,fq,apo_control,sym_heat,1.00E+00
773,fr,apo_control,sym_heat,1.00E+00
774,fs,apo_control,sym_heat,1.00E+00
775,ft,apo_control,sym_heat,1.00E+00
779,fx,apo_control,sym_heat,1.00E+00
790,gk,apo_control,sym_heat,1.00E+00
792,gn,apo_control,sym_heat,1.00E+00
794,gq,apo_control,sym_heat,1.00E+00
796,gs,apo_control,sym_heat,1.00E+00
797,gt,apo_control,sym_heat,1.00E+00
798,gu,apo_control,sym_heat,1.00E+00
799,gv,apo_control,sym_heat,1.00E+00
800,gw,apo_control,sym_heat,1.00E+00
802,gy,apo_control,sym_heat,1.00E+00
804,hc,apo_control,sym_heat,1.00E+00
805,hd,apo_control,sym_heat,1.00E+00
806,hf,apo_control,sym_heat,1.00E+00
807,hg,apo_control,sym_heat,1.00E+00
808,hh,apo_control,sym_heat,1.00E+00
815,hr,apo_control,sym_heat,1.00E+00
817,hu,apo_control,sym_heat,1.00E+00
820,hy,apo_control,sym_heat,1.00E+00
821,hz,apo_control,sym_heat,1.00E+00
823,ic,apo_control,sym_heat,1.00E+00
826,ig,apo_control,sym_heat,1.00E+00
834,is,apo_control,sym_heat,1.00E+00
838,iy,apo_control,sym_heat,1.00E+00
844,jk,apo_control,sym_heat,1.00E+00
846,jn,apo_control,sym_heat,1.00E+00
854,kb,apo_control,sym_heat,1.00E+00
857,ki,apo_control,sym_heat,1.00E+00
858,kj,apo_control,sym_heat,1.00E+00
859,km,apo_control,sym_heat,1.00E+00
860,kn,apo_control,sym_heat,1.00E+00
863,kq,apo_control,sym_heat,1.00E+00
864,ks,apo_control,sym_heat,1.00E+00
865,ku,apo_control,sym_heat,1.00E+00
870,kz,apo_control,sym_heat,1.00E+00
873,le,apo_control,sym_heat,1.00E+00
875,lh,apo_control,sym_heat,1.00E+00
876,li,apo_control,sym_heat,1.00E+00
878,lk,apo_control,sym_heat,1.00E+00
883,ls,apo_control,sym_heat,1.00E+00
888,mc,apo_control,sym_heat,1.00E+00
890,me,apo_control,sym_heat,1.00E+00
891,mf,apo_control,sym_heat,1.00E+00
892,mg,apo_control,sym_heat,1.00E+00
893,mh,apo_control,sym_heat,1.00E+00
895,mj,apo_control,sym_heat,1.00E+00
896,mo,apo_control,sym_heat,1.00E+00
898,mr,apo_control,sym_heat,1.00E+00
899,ms,apo_control,sym_heat,1.00E+00
900,mt,apo_control,sym_heat,1.00E+00
901,mu,apo_control,sym_heat,1.00E+00
902,mv,apo_control,sym_heat,1.00E+00
903,mw,apo_control,sym_heat,1.00E+00
911,ni,apo_control,sym_heat,1.00E+00
913,nl,apo_control,sym_heat,1.00E+00
920,ns,apo_control,sym_heat,1.00E+00
921,nw,apo_control,sym_heat,1.00E+00
923,nz,apo_control,sym_heat,1.00E+00
925,ob,apo_control,sym_heat,1.00E+00
927,og,apo_control,sym_heat,1.00E+00
929,oi,apo_control,sym_heat,1.00E+00
931,ok,apo_control,sym_heat,1.00E+00
934,op,apo_control,sym_heat,1.00E+00
940,oz,apo_control,sym_heat,1.00E+00
941,pa,apo_control,sym_heat,1.00E+00
943,pc,apo_control,sym_heat,1.00E+00
945,pe,apo_control,sym_heat,1.00E+00
948,pk,apo_control,sym_heat,1.00E+00
953,pp,apo_control,sym_heat,1.00E+00
954,ps,apo_control,sym_heat,1.00E+00
955,pt,apo_control,sym_heat,1.00E+00
959,px,apo_control,sym_heat,1.00E+00
972,aj,apo_heat,sym_control,1.00E+00
977,ao,apo_heat,sym_control,1.00E+00
979,ar,apo_heat,sym_control,1.00E+00
984,aw,apo_heat,sym_control,1.00E+00
989,bb,apo_heat,sym_control,1.00E+00
992,bf,apo_heat,sym_control,1.00E+00
993,bg,apo_heat,sym_control,1.00E+00
999,bn,apo_heat,sym_control,1.00E+00
1003,bs,apo_heat,sym_control,1.00E+00
1013,cc,apo_heat,sym_control,1.00E+00
1014,cd,apo_heat,sym_control,1.00E+00
1016,cg,apo_heat,sym_control,1.00E+00
1017,ch,apo_heat,sym_control,1.00E+00
1019,ck,apo_heat,sym_control,1.00E+00
1025,cq,apo_heat,sym_control,1.00E+00
1026,cr,apo_heat,sym_control,1.00E+00
1029,cu,apo_heat,sym_control,1.00E+00
1030,cv,apo_heat,sym_control,1.00E+00
1032,cx,apo_heat,sym_control,1.00E+00
1033,cy,apo_heat,sym_control,1.00E+00
1035,da,apo_heat,sym_control,1.00E+00
1036,dc,apo_heat,sym_control,1.00E+00
1037,dd,apo_heat,sym_control,1.00E+00
1041,dh,apo_heat,sym_control,1.00E+00
1042,di,apo_heat,sym_control,1.00E+00
1047,do,apo_heat,sym_control,1.00E+00
1048,dp,apo_heat,sym_control,1.00E+00
1050,dr,apo_heat,sym_control,1.00E+00
1056,dx,apo_heat,sym_control,1.00E+00
1058,dz,apo_heat,sym_control,1.00E+00
1060,ec,apo_heat,sym_control,1.00E+00
1061,ee,apo_heat,sym_control,1.00E+00
1064,ei,apo_heat,sym_control,1.00E+00
1065,ej,apo_heat,sym_control,1.00E+00
1072,eq,apo_heat,sym_control,1.00E+00
1077,ev,apo_heat,sym_control,1.00E+00
1078,ew,apo_heat,sym_control,1.00E+00
1079,ez,apo_heat,sym_control,1.00E+00
1080,fa,apo_heat,sym_control,1.00E+00
1086,fi,apo_heat,sym_control,1.00E+00
1087,fj,apo_heat,sym_control,1.00E+00
1089,fm,apo_heat,sym_control,1.00E+00
1094,fr,apo_heat,sym_control,1.00E+00
1095,fs,apo_heat,sym_control,1.00E+00
1096,ft,apo_heat,sym_control,1.00E+00
1097,fu,apo_heat,sym_control,1.00E+00
1099,fw,apo_heat,sym_control,1.00E+00
1101,fy,apo_heat,sym_control,1.00E+00
1103,ga,apo_heat,sym_control,1.00E+00
1108,gf,apo_heat,sym_control,1.00E+00
1109,gi,apo_heat,sym_control,1.00E+00
1110,gj,apo_heat,sym_control,1.00E+00
1113,gn,apo_heat,sym_control,1.00E+00
1117,gs,apo_heat,sym_control,1.00E+00
1119,gu,apo_heat,sym_control,1.00E+00
1120,gv,apo_heat,sym_control,1.00E+00
1122,gx,apo_heat,sym_control,1.00E+00
1123,gy,apo_heat,sym_control,1.00E+00
1125,hc,apo_heat,sym_control,1.00E+00
1126,hd,apo_heat,sym_control,1.00E+00
1128,hg,apo_heat,sym_control,1.00E+00
1131,hk,apo_heat,sym_control,1.00E+00
1132,hm,apo_heat,sym_control,1.00E+00
1135,hp,apo_heat,sym_control,1.00E+00
1136,hr,apo_heat,sym_control,1.00E+00
1137,ht,apo_heat,sym_control,1.00E+00
1140,hw,apo_heat,sym_control,1.00E+00
1144,ic,apo_heat,sym_control,1.00E+00
1145,id,apo_heat,sym_control,1.00E+00
1147,ig,apo_heat,sym_control,1.00E+00
1151,im,apo_heat,sym_control,1.00E+00
1152,in,apo_heat,sym_control,1.00E+00
1154,ir,apo_heat,sym_control,1.00E+00
1155,is,apo_heat,sym_control,1.00E+00
1156,it,apo_heat,sym_control,1.00E+00
1158,iv,apo_heat,sym_control,1.00E+00
1161,jc,apo_heat,sym_control,1.00E+00
1162,jd,apo_heat,sym_control,1.00E+00
1167,jn,apo_heat,sym_control,1.00E+00
1172,ju,apo_heat,sym_control,1.00E+00
1173,jy,apo_heat,sym_control,1.00E+00
1175,kb,apo_heat,sym_control,1.00E+00
1179,kj,apo_heat,sym_control,1.00E+00
1180,km,apo_heat,sym_control,1.00E+00
1181,kn,apo_heat,sym_control,1.00E+00
1185,ks,apo_heat,sym_control,1.00E+00
1186,ku,apo_heat,sym_control,1.00E+00
1187,kv,apo_heat,sym_control,1.00E+00
1190,ky,apo_heat,sym_control,1.00E+00
1192,lb,apo_heat,sym_control,1.00E+00
1194,le,apo_heat,sym_control,1.00E+00
1196,lh,apo_heat,sym_control,1.00E+00
1203,lq,apo_heat,sym_control,1.00E+00
1209,mc,apo_heat,sym_control,1.00E+00
1213,mg,apo_heat,sym_control,1.00E+00
1215,mi,apo_heat,sym_control,1.00E+00
1216,mj,apo_heat,sym_control,1.00E+00
1217,mo,apo_heat,sym_control,1.00E+00
1219,mr,apo_heat,sym_control,1.00E+00
1220,ms,apo_heat,sym_control,1.00E+00
1221,mt,apo_heat,sym_control,1.00E+00
1222,mu,apo_heat,sym_control,1.00E+00
1223,mv,apo_heat,sym_control,1.00E+00
1226,na,apo_heat,sym_control,1.00E+00
1227,nb,apo_heat,sym_control,1.00E+00
1231,ng,apo_heat,sym_control,1.00E+00
1236,nn,apo_heat,sym_control,1.00E+00
1238,np,apo_heat,sym_control,1.00E+00
1246,ob,apo_heat,sym_control,1.00E+00
1248,og,apo_heat,sym_control,1.00E+00
1252,ok,apo_heat,sym_control,1.00E+00
1255,op,apo_heat,sym_control,1.00E+00
1256,or,apo_heat,sym_control,1.00E+00
1258,ot,apo_heat,sym_control,1.00E+00
1259,ov,apo_heat,sym_control,1.00E+00
1261,oz,apo_heat,sym_control,1.00E+00
1262,pa,apo_heat,sym_control,1.00E+00
1263,pb,apo_heat,sym_control,1.00E+00
1264,pc,apo_heat,sym_control,1.00E+00
1266,pe,apo_heat,sym_control,1.00E+00
1268,ph,apo_heat,sym_control,1.00E+00
1271,pm,apo_heat,sym_control,1.00E+00
1275,ps,apo_heat,sym_control,1.00E+00
1277,pu,apo_heat,sym_control,1.00E+00
1278,pv,apo_heat,sym_control,1.00E+00
1279,pw,apo_heat,sym_control,1.00E+00
1280,px,apo_heat,sym_control,1.00E+00
1282,qa,apo_heat,sym_control,1.00E+00
1284,qf,apo_heat,sym_control,1.00E+00
1287,ad,apo_heat,sym_heat,1.00E+00
1288,ae,apo_heat,sym_heat,1.00E+00
1290,ag,apo_heat,sym_heat,1.00E+00
1291,ah,apo_heat,sym_heat,1.00E+00
1294,ak,apo_heat,sym_heat,1.00E+00
1296,am,apo_heat,sym_heat,1.00E+00
1297,an,apo_heat,sym_heat,1.00E+00
1298,ao,apo_heat,sym_heat,1.00E+00
1300,ar,apo_heat,sym_heat,1.00E+00
1302,at,apo_heat,sym_heat,1.00E+00
1305,aw,apo_heat,sym_heat,1.00E+00
1306,ax,apo_heat,sym_heat,1.00E+00
1307,ay,apo_heat,sym_heat,1.00E+00
1308,az,apo_heat,sym_heat,1.00E+00
1310,bb,apo_heat,sym_heat,1.00E+00
1311,bc,apo_heat,sym_heat,1.00E+00
1314,bg,apo_heat,sym_heat,1.00E+00
1316,bi,apo_heat,sym_heat,1.00E+00
1319,bm,apo_heat,sym_heat,1.00E+00
1320,bn,apo_heat,sym_heat,1.00E+00
1324,bs,apo_heat,sym_heat,1.00E+00
1326,bu,apo_heat,sym_heat,1.00E+00
1329,bx,apo_heat,sym_heat,1.00E+00
1330,by,apo_heat,sym_heat,1.00E+00
1337,cg,apo_heat,sym_heat,1.00E+00
1338,ch,apo_heat,sym_heat,1.00E+00
1339,cj,apo_heat,sym_heat,1.00E+00
1341,cl,apo_heat,sym_heat,1.00E+00
1343,cn,apo_heat,sym_heat,1.00E+00
1344,co,apo_heat,sym_heat,1.00E+00
1345,cp,apo_heat,sym_heat,1.00E+00
1346,cq,apo_heat,sym_heat,1.00E+00
1347,cr,apo_heat,sym_heat,1.00E+00
1349,ct,apo_heat,sym_heat,1.00E+00
1350,cu,apo_heat,sym_heat,1.00E+00
1351,cv,apo_heat,sym_heat,1.00E+00
1352,cw,apo_heat,sym_heat,1.00E+00
1358,dd,apo_heat,sym_heat,1.00E+00
1361,dg,apo_heat,sym_heat,1.00E+00
1362,dh,apo_heat,sym_heat,1.00E+00
1363,di,apo_heat,sym_heat,1.00E+00
1364,dj,apo_heat,sym_heat,1.00E+00
1369,dp,apo_heat,sym_heat,1.00E+00
1371,dr,apo_heat,sym_heat,1.00E+00
1372,ds,apo_heat,sym_heat,1.00E+00
1373,dt,apo_heat,sym_heat,1.00E+00
1374,du,apo_heat,sym_heat,1.00E+00
1376,dw,apo_heat,sym_heat,1.00E+00
1379,dz,apo_heat,sym_heat,1.00E+00
1380,ea,apo_heat,sym_heat,1.00E+00
1382,ee,apo_heat,sym_heat,1.00E+00
1385,ei,apo_heat,sym_heat,1.00E+00
1389,em,apo_heat,sym_heat,1.00E+00
1393,eq,apo_heat,sym_heat,1.00E+00
1394,er,apo_heat,sym_heat,1.00E+00
1395,es,apo_heat,sym_heat,1.00E+00
1397,eu,apo_heat,sym_heat,1.00E+00
1400,ez,apo_heat,sym_heat,1.00E+00
1401,fa,apo_heat,sym_heat,1.00E+00
1402,fc,apo_heat,sym_heat,1.00E+00
1406,fh,apo_heat,sym_heat,1.00E+00
1409,fl,apo_heat,sym_heat,1.00E+00
1410,fm,apo_heat,sym_heat,1.00E+00
1411,fn,apo_heat,sym_heat,1.00E+00
1413,fp,apo_heat,sym_heat,1.00E+00
1414,fq,apo_heat,sym_heat,1.00E+00
1415,fr,apo_heat,sym_heat,1.00E+00
1416,fs,apo_heat,sym_heat,1.00E+00
1417,ft,apo_heat,sym_heat,1.00E+00
1421,fx,apo_heat,sym_heat,1.00E+00
1423,fz,apo_heat,sym_heat,1.00E+00
1425,gb,apo_heat,sym_heat,1.00E+00
1428,ge,apo_heat,sym_heat,1.00E+00
1431,gj,apo_heat,sym_heat,1.00E+00
1432,gk,apo_heat,sym_heat,1.00E+00
1434,gn,apo_heat,sym_heat,1.00E+00
1436,gq,apo_heat,sym_heat,1.00E+00
1438,gs,apo_heat,sym_heat,1.00E+00
1440,gu,apo_heat,sym_heat,1.00E+00
1441,gv,apo_heat,sym_heat,1.00E+00
1442,gw,apo_heat,sym_heat,1.00E+00
1443,gx,apo_heat,sym_heat,1.00E+00
1444,gy,apo_heat,sym_heat,1.00E+00
1445,gz,apo_heat,sym_heat,1.00E+00
1446,hc,apo_heat,sym_heat,1.00E+00
1449,hg,apo_heat,sym_heat,1.00E+00
1451,hi,apo_heat,sym_heat,1.00E+00
1453,hm,apo_heat,sym_heat,1.00E+00
1456,hp,apo_heat,sym_heat,1.00E+00
1458,ht,apo_heat,sym_heat,1.00E+00
1459,hu,apo_heat,sym_heat,1.00E+00
1460,hv,apo_heat,sym_heat,1.00E+00
1462,hy,apo_heat,sym_heat,1.00E+00
1464,ia,apo_heat,sym_heat,1.00E+00
1468,ig,apo_heat,sym_heat,1.00E+00
1470,ii,apo_heat,sym_heat,1.00E+00
1471,il,apo_heat,sym_heat,1.00E+00
1475,ir,apo_heat,sym_heat,1.00E+00
1476,is,apo_heat,sym_heat,1.00E+00
1478,iu,apo_heat,sym_heat,1.00E+00
1479,iv,apo_heat,sym_heat,1.00E+00
1480,iy,apo_heat,sym_heat,1.00E+00
1482,jc,apo_heat,sym_heat,1.00E+00
1488,jn,apo_heat,sym_heat,1.00E+00
1491,js,apo_heat,sym_heat,1.00E+00
1494,jy,apo_heat,sym_heat,1.00E+00
1495,ka,apo_heat,sym_heat,1.00E+00
1496,kb,apo_heat,sym_heat,1.00E+00
1498,kg,apo_heat,sym_heat,1.00E+00
1499,ki,apo_heat,sym_heat,1.00E+00
1501,km,apo_heat,sym_heat,1.00E+00
1502,kn,apo_heat,sym_heat,1.00E+00
1504,kp,apo_heat,sym_heat,1.00E+00
1505,kq,apo_heat,sym_heat,1.00E+00
1506,ks,apo_heat,sym_heat,1.00E+00
1509,kw,apo_heat,sym_heat,1.00E+00
1512,kz,apo_heat,sym_heat,1.00E+00
1514,ld,apo_heat,sym_heat,1.00E+00
1515,le,apo_heat,sym_heat,1.00E+00
1516,lg,apo_heat,sym_heat,1.00E+00
1517,lh,apo_heat,sym_heat,1.00E+00
1518,li,apo_heat,sym_heat,1.00E+00
1520,lk,apo_heat,sym_heat,1.00E+00
1521,ll,apo_heat,sym_heat,1.00E+00
1522,lm,apo_heat,sym_heat,1.00E+00
1525,ls,apo_heat,sym_heat,1.00E+00
1528,lz,apo_heat,sym_heat,1.00E+00
1530,mc,apo_heat,sym_heat,1.00E+00
1531,md,apo_heat,sym_heat,1.00E+00
1533,mf,apo_heat,sym_heat,1.00E+00
1534,mg,apo_heat,sym_heat,1.00E+00
1535,mh,apo_heat,sym_heat,1.00E+00
1536,mi,apo_heat,sym_heat,1.00E+00
1537,mj,apo_heat,sym_heat,1.00E+00
1538,mo,apo_heat,sym_heat,1.00E+00
1542,mt,apo_heat,sym_heat,1.00E+00
1544,mv,apo_heat,sym_heat,1.00E+00
1546,my,apo_heat,sym_heat,1.00E+00
1549,nd,apo_heat,sym_heat,1.00E+00
1552,ng,apo_heat,sym_heat,1.00E+00
1554,nj,apo_heat,sym_heat,1.00E+00
1557,nn,apo_heat,sym_heat,1.00E+00
1559,np,apo_heat,sym_heat,1.00E+00
1560,nq,apo_heat,sym_heat,1.00E+00
1561,nr,apo_heat,sym_heat,1.00E+00
1562,ns,apo_heat,sym_heat,1.00E+00
1564,nx,apo_heat,sym_heat,1.00E+00
1565,nz,apo_heat,sym_heat,1.00E+00
1568,of,apo_heat,sym_heat,1.00E+00
1569,og,apo_heat,sym_heat,1.00E+00
1571,oi,apo_heat,sym_heat,1.00E+00
1574,ol,apo_heat,sym_heat,1.00E+00
1576,op,apo_heat,sym_heat,1.00E+00
1580,ov,apo_heat,sym_heat,1.00E+00
1582,oz,apo_heat,sym_heat,1.00E+00
1583,pa,apo_heat,sym_heat,1.00E+00
1585,pc,apo_heat,sym_heat,1.00E+00
1586,pd,apo_heat,sym_heat,1.00E+00
1587,pe,apo_heat,sym_heat,1.00E+00
1589,ph,apo_heat,sym_heat,1.00E+00
1590,pk,apo_heat,sym_heat,1.00E+00
1593,pn,apo_heat,sym_heat,1.00E+00
1595,pp,apo_heat,sym_heat,1.00E+00
1596,ps,apo_heat,sym_heat,1.00E+00
1598,pu,apo_heat,sym_heat,1.00E+00
1599,pv,apo_heat,sym_heat,1.00E+00
1601,px,apo_heat,sym_heat,1.00E+00
1605,qf,apo_heat,sym_heat,1.00E+00
1619,ao,sym_control,sym_heat,1.00E+00
1620,ap,sym_control,sym_heat,1.00E+00
1621,ar,sym_control,sym_heat,1.00E+00
1624,au,sym_control,sym_heat,1.00E+00
1626,aw,sym_control,sym_heat,1.00E+00
1631,bb,sym_control,sym_heat,1.00E+00
1635,bg,sym_control,sym_heat,1.00E+00
1638,bk,sym_control,sym_heat,1.00E+00
1641,bn,sym_control,sym_heat,1.00E+00
1643,bp,sym_control,sym_heat,1.00E+00
1644,bq,sym_control,sym_heat,1.00E+00
1645,bs,sym_control,sym_heat,1.00E+00
1648,bv,sym_control,sym_heat,1.00E+00
1650,bx,sym_control,sym_heat,1.00E+00
1652,bz,sym_control,sym_heat,1.00E+00
1658,cg,sym_control,sym_heat,1.00E+00
1659,ch,sym_control,sym_heat,1.00E+00
1661,ck,sym_control,sym_heat,1.00E+00
1665,co,sym_control,sym_heat,1.00E+00
1667,cq,sym_control,sym_heat,1.00E+00
1669,cs,sym_control,sym_heat,1.00E+00
1670,ct,sym_control,sym_heat,1.00E+00
1671,cu,sym_control,sym_heat,1.00E+00
1674,cx,sym_control,sym_heat,1.00E+00
1677,da,sym_control,sym_heat,1.00E+00
1679,dd,sym_control,sym_heat,1.00E+00
1684,di,sym_control,sym_heat,1.00E+00
1687,dm,sym_control,sym_heat,1.00E+00
1688,dn,sym_control,sym_heat,1.00E+00
1689,do,sym_control,sym_heat,1.00E+00
1692,dr,sym_control,sym_heat,1.00E+00
1697,dw,sym_control,sym_heat,1.00E+00
1698,dx,sym_control,sym_heat,1.00E+00
1699,dy,sym_control,sym_heat,1.00E+00
1700,dz,sym_control,sym_heat,1.00E+00
1703,ee,sym_control,sym_heat,1.00E+00
1704,ef,sym_control,sym_heat,1.00E+00
1705,eg,sym_control,sym_heat,1.00E+00
1706,ei,sym_control,sym_heat,1.00E+00
1707,ej,sym_control,sym_heat,1.00E+00
1708,ek,sym_control,sym_heat,1.00E+00
1711,en,sym_control,sym_heat,1.00E+00
1712,eo,sym_control,sym_heat,1.00E+00
1714,eq,sym_control,sym_heat,1.00E+00
1718,eu,sym_control,sym_heat,1.00E+00
1721,ez,sym_control,sym_heat,1.00E+00
1722,fa,sym_control,sym_heat,1.00E+00
1726,fg,sym_control,sym_heat,1.00E+00
1731,fm,sym_control,sym_heat,1.00E+00
1732,fn,sym_control,sym_heat,1.00E+00
1735,fq,sym_control,sym_heat,1.00E+00
1736,fr,sym_control,sym_heat,1.00E+00
1738,ft,sym_control,sym_heat,1.00E+00
1739,fu,sym_control,sym_heat,1.00E+00
1743,fy,sym_control,sym_heat,1.00E+00
1746,gb,sym_control,sym_heat,1.00E+00
1752,gj,sym_control,sym_heat,1.00E+00
1754,gm,sym_control,sym_heat,1.00E+00
1755,gn,sym_control,sym_heat,1.00E+00
1757,gq,sym_control,sym_heat,1.00E+00
1759,gs,sym_control,sym_heat,1.00E+00
1760,gt,sym_control,sym_heat,1.00E+00
1761,gu,sym_control,sym_heat,1.00E+00
1762,gv,sym_control,sym_heat,1.00E+00
1765,gy,sym_control,sym_heat,1.00E+00
1768,hd,sym_control,sym_heat,1.00E+00
1769,hf,sym_control,sym_heat,1.00E+00
1770,hg,sym_control,sym_heat,1.00E+00
1771,hh,sym_control,sym_heat,1.00E+00
1773,hk,sym_control,sym_heat,1.00E+00
1775,hn,sym_control,sym_heat,1.00E+00
1777,hp,sym_control,sym_heat,1.00E+00
1784,hz,sym_control,sym_heat,1.00E+00
1785,ia,sym_control,sym_heat,1.00E+00
1786,ic,sym_control,sym_heat,1.00E+00
1788,ie,sym_control,sym_heat,1.00E+00
1789,ig,sym_control,sym_heat,1.00E+00
1790,ih,sym_control,sym_heat,1.00E+00
1795,iq,sym_control,sym_heat,1.00E+00
1797,is,sym_control,sym_heat,1.00E+00
1800,iv,sym_control,sym_heat,1.00E+00
1801,iy,sym_control,sym_heat,1.00E+00
1802,iz,sym_control,sym_heat,1.00E+00
1803,jc,sym_control,sym_heat,1.00E+00
1807,jk,sym_control,sym_heat,1.00E+00
1809,jn,sym_control,sym_heat,1.00E+00
1810,jo,sym_control,sym_heat,1.00E+00
1812,js,sym_control,sym_heat,1.00E+00
1815,jy,sym_control,sym_heat,1.00E+00
1817,kb,sym_control,sym_heat,1.00E+00
1822,km,sym_control,sym_heat,1.00E+00
1823,kn,sym_control,sym_heat,1.00E+00
1826,kq,sym_control,sym_heat,1.00E+00
1829,kv,sym_control,sym_heat,1.00E+00
1834,lb,sym_control,sym_heat,1.00E+00
1837,lg,sym_control,sym_heat,1.00E+00
1847,lu,sym_control,sym_heat,1.00E+00
1851,mc,sym_control,sym_heat,1.00E+00
1853,me,sym_control,sym_heat,1.00E+00
1855,mg,sym_control,sym_heat,1.00E+00
1859,mo,sym_control,sym_heat,1.00E+00
1860,mq,sym_control,sym_heat,1.00E+00
1861,mr,sym_control,sym_heat,1.00E+00
1862,ms,sym_control,sym_heat,1.00E+00
1863,mt,sym_control,sym_heat,1.00E+00
1864,mu,sym_control,sym_heat,1.00E+00
1865,mv,sym_control,sym_heat,1.00E+00
1866,mw,sym_control,sym_heat,1.00E+00
1869,nb,sym_control,sym_heat,1.00E+00
1873,ng,sym_control,sym_heat,1.00E+00
1874,ni,sym_control,sym_heat,1.00E+00
1876,nl,sym_control,sym_heat,1.00E+00
1879,no,sym_control,sym_heat,1.00E+00
1880,np,sym_control,sym_heat,1.00E+00
1884,nw,sym_control,sym_heat,1.00E+00
1885,nx,sym_control,sym_heat,1.00E+00
1887,oa,sym_control,sym_heat,1.00E+00
1888,ob,sym_control,sym_heat,1.00E+00
1890,og,sym_control,sym_heat,1.00E+00
1893,oj,sym_control,sym_heat,1.00E+00
1895,ol,sym_control,sym_heat,1.00E+00
1901,ov,sym_control,sym_heat,1.00E+00
1902,oy,sym_control,sym_heat,1.00E+00
1904,pa,sym_control,sym_heat,1.00E+00
1906,pc,sym_control,sym_heat,1.00E+00
1908,pe,sym_control,sym_heat,1.00E+00
1910,ph,sym_control,sym_heat,1.00E+00
1911,pk,sym_control,sym_heat,1.00E+00
1912,pl,sym_control,sym_heat,1.00E+00
1914,pn,sym_control,sym_heat,1.00E+00
1915,po,sym_control,sym_heat,1.00E+00
1919,pu,sym_control,sym_heat,1.00E+00
1920,pv,sym_control,sym_heat,1.00E+00
1922,px,sym_control,sym_heat,1.00E+00
1923,pz,sym_control,sym_heat,1.00E+00
1926,qf,sym_control,sym_heat,1.00E+00
310,po,apo_control,apo_heat,NA
322,ab,apo_control,sym_control,NA
643,ab,apo_control,sym_heat,NA
835,it,apo_control,sym_heat,NA
841,jd,apo_control,sym_heat,NA
881,ln,apo_control,sym_heat,NA
942,pb,apo_control,sym_heat,NA
950,pm,apo_control,sym_heat,NA
958,pw,apo_control,sym_heat,NA
964,ab,apo_heat,sym_control,NA
1285,ab,apo_heat,sym_heat,NA
1484,jg,apo_heat,sym_heat,NA
1570,oh,apo_heat,sym_heat,NA
1604,qe,apo_heat,sym_heat,NA
1606,ab,sym_control,sym_heat,NA
1642,bo,sym_control,sym_heat,NA
1877,nm,sym_control,sym_heat,NA
